{
  "detections": null,
  "files": [
    {
      "content": "[\r\n    {\r\n        \"name\": \"BloodFx Modification [TW]\",\r\n        \"severity\": \"warning\",\r\n        \"path\": \"\\\\FiveM.app\\\\citizen\\\\common\\\\data\\\\effects\\\\bloodfx.dat\"\r\n    },\r\n    {\r\n        \"name\": \"Killeffect Modification [PR]\",\r\n        \"severity\": \"warning\",\r\n        \"path\": \"\\\\FiveM.app\\\\citizen\\\\common\\\\data\\\\timecycle\\\\timecycle_mods_4.xml\"\r\n    },\r\n    {\r\n        \"name\": \"Texture Modification (No water) [QX]\",\r\n        \"severity\": \"warning\",\r\n        \"path\": \"\\\\FiveM.app\\\\citizen\\\\common\\\\data\\\\levels\\\\gta5\\\\water.xml\"\r\n    },\r\n    {\r\n        \"name\": \"Texture Modification (No bush) [LK]\",\r\n        \"severity\": \"warning\",\r\n        \"path\": \"\\\\FiveM.app\\\\citizen\\\\platform\\\\levels\\\\gta5\\\\props\\\\vegetation\\\\v_bush.rpf\"\r\n    },\r\n    {\r\n        \"name\": \"Texture Modification (No bush) [NM]\",\r\n        \"severity\": \"warning\",\r\n        \"path\": \"\\\\FiveM.app\\\\citizen\\\\platform\\\\levels\\\\gta5\\\\props\\\\vegetation\\\\_ext_veg.rpf\"\r\n    },\r\n    {\r\n        \"name\": \"Texture Modification (No bush) [YF]\",\r\n        \"severity\": \"warning\",\r\n        \"path\": \"\\\\FiveM.app\\\\citizen\\\\platform\\\\levels\\\\gta5\\\\props\\\\vegetation\\\\_crops.rpf\"\r\n    },\r\n    {\r\n        \"name\": \"Effect Modification (No explosion) [RD]\",\r\n        \"severity\": \"warning\",\r\n        \"path\": \"\\\\FiveM.app\\\\citizen\\\\platform\\\\data\\\\metadata\\\\explosion.ymt\"\r\n    },\r\n    {\r\n        \"name\": \"Effect Modification (No explosion) [GZ]\",\r\n        \"severity\": \"warning\",\r\n        \"path\": \"\\\\FiveM.app\\\\citizen\\\\platform\\\\levels\\\\gta5\\\\props\\\\roadside\\\\v_utility.rpf\"\r\n    },\r\n    {\r\n        \"name\": \"Effect Modification (No explosion) [VK]\",\r\n        \"severity\": \"warning\",\r\n        \"path\": \"\\\\FiveM.app\\\\citizen\\\\platform\\\\levels\\\\gta5\\\\props\\\\roadside\\\\v_storage.rpf\"\r\n    },\r\n    {\r\n        \"name\": \"Texture Modification (No car windows) [XT]\",\r\n        \"severity\": \"warning\",\r\n        \"path\": \"\\\\FiveM.app\\\\citizen\\\\common\\\\shaders\\\\db\\\\vehicle_vehglass_inner.sps\"\r\n    },\r\n    {\r\n        \"name\": \"Texture Modification (No car windows) [LW]\",\r\n        \"severity\": \"warning\",\r\n        \"path\": \"\\\\FiveM.app\\\\citizen\\\\common\\\\shaders\\\\db\\\\vehicle_vehglass.sps\"\r\n    }\r\n]\r\n",
      "name": "fivem_ais.json"
    },
    {
      "content": "rule task_enabled {\n    strings:\n        $1 = \"<Enabled>true</Enabled>\" nocase wide ascii\n    condition:\n        any of them\n}\n\nrule task_author_user {\n    strings:\n        $1 = /<Author>[A-Za-z0-9_-]+\\\\\\\\%%%USERNAME%%%<\\/Author>/ nocase wide ascii\n    condition:\n        any of them\n}\n\nrule task_author_system {\n    strings:\n        $1 = \"<Author>SYSTEM</Author>\" nocase wide ascii\n    condition:\n        any of them\n}\n\nrule task_perm_highest {\n    strings:\n        $1 = \"<RunLevel>HighestAvailable</RunLevel>\" nocase wide ascii\n    condition:\n        any of them\n}\n\nrule task_perm_lowest {\n    strings:\n        $1 = \"<RunLevel>LeastPrivilege</RunLevel>\" nocase wide ascii\n    condition:\n        any of them\n}\n\nrule task_command_cmd {\n    strings:\n        $1 = \"<Command>C:\\\\Windows\\\\System32\\\\cmd.exe\" nocase wide ascii\n    condition:\n        any of them\n}\n\nrule task_command_exe {\n    strings:\n        $1 = /<Command>.*\\.(exe)<\\/Command>/ nocase wide ascii\n    condition:\n        any of them\n}\n\nrule task_command_bat {\n    strings:\n        $1 = /<Command>.*\\.(bat)<\\/Command>/ nocase wide ascii\n    condition:\n        any of them\n}\n\nrule task_command_dot_cmd {\n    strings:\n        $1 = /<Command>.*\\.(cmd)<\\/Command>/ nocase wide ascii\n    condition:\n        any of them\n}\n\nrule task_command_ps1 {\n    strings:\n        $1 = /<Command>.*\\.(ps1)<\\/Command>/ nocase wide ascii\n    condition:\n        any of them\n}\n\nrule task_argument {\n    strings:\n        $1 = /<Arguments>[^<]+<\\/Arguments>/ nocase wide ascii\n    condition:\n        any of them\n}\n\nrule task_working_directory {\n    strings:\n        $1 = /<WorkingDirectory>[^<]+<\\/WorkingDirectory>/ nocase wide ascii\n    condition:\n        any of them\n}\n\nrule task_hidden {\n    strings:\n        $1 = \"<Hidden>true</Hidden>\" nocase wide ascii\n    condition:\n        any of them\n}\n\nrule task_runs_on_logon {\n    strings:\n        $1 = \"<LogonTrigger>\" nocase wide ascii\n    condition:\n        any of them\n}\n\nrule task_in_windows_namespace {\n    strings:\n        $1 = /<URI>\\\\Microsoft\\\\Windows\\\\[^<]+<\\/URI>/ nocase wide ascii\n    condition:\n        any of them\n}\n\nrule task_runs_as_admin_account {\n    strings:\n        $1 = /<UserId>.*\\\\Administrator<\\/UserId>/ nocase wide ascii\n    condition:\n        any of them\n}\n\nrule task_execution_time_limit_extended {\n    strings:\n        $1 = /<ExecutionTimeLimit>P([3-9]|[1-9][0-9]+)D<\\/ExecutionTimeLimit>/ nocase wide ascii\n    condition:\n        any of them\n}\n\nrule task_context_author {\n    strings:\n        $1 = /<Actions Context=\"Author\">/ nocase wide ascii\n    condition:\n        any of them\n}",
      "name": "tasks.yara"
    },
    {
      "content": "import \"pe\"\r\n\r\n\r\nrule triggerbot_sysget {\r\n    strings:\r\n        $s1 = \"sysget\" ascii wide nocase\r\n    condition:\r\n        $s1\r\n}\r\n\r\nrule triggerbot_monitorleft {\r\n    strings:\r\n        $s1 = \"monitorleft\" ascii wide nocase\r\n    condition:\r\n        $s1\r\n}\r\n\r\nrule triggerbot_monitortop {\r\n    strings:\r\n        $s1 = \"monitortop\" ascii wide nocase\r\n    condition:\r\n        $s1\r\n}\r\n\r\nrule triggerbot_centerx {\r\n    strings:\r\n        $s1 = \"centerx\" ascii wide nocase\r\n    condition:\r\n        $s1\r\n}\r\n\r\nrule triggerbot_centery {\r\n    strings:\r\n        $s1 = \"centery\" ascii wide nocase\r\n    condition:\r\n        $s1\r\n}\r\n\r\nrule triggerbot_a_screenwidth {\r\n    strings:\r\n        $s1 = \"a_screenwidth\" ascii wide nocase\r\n    condition:\r\n        $s1\r\n}\r\n\r\nrule triggerbot_a_screenheight {\r\n    strings:\r\n        $s1 = \"a_screenheight\" ascii wide nocase\r\n    condition:\r\n        $s1\r\n}\r\n\r\nrule triggerbot_getasynckeystate {\r\n    strings:\r\n        $s1 = \"GetAsyncKeyState\" ascii wide nocase\r\n    condition:\r\n        $s1\r\n}\r\n\r\nrule triggerbot_mouse_event {\r\n    strings:\r\n        $s1 = \"mouse_event\" ascii wide nocase\r\n    condition:\r\n        $s1\r\n}\r\n\r\nrule triggerbot_getpixel {\r\n    strings:\r\n        $s1 = \"GetPixel\" ascii wide nocase\r\n    condition:\r\n        $s1\r\n}\r\n\r\nrule triggerbot_c14f4f {\r\n    strings:\r\n        $s1 = \"c14f4f\" ascii wide nocase\r\n    condition:\r\n        $s1\r\n}\r\n\r\nrule triggerbot_0x4F4FC1 {\r\n    strings:\r\n        $s1 = \"0x4F4FC1\" ascii wide nocase\r\n    condition:\r\n        $s1\r\n}\r\n\r\nrule triggerbot_getdc {\r\n    strings:\r\n        $s1 = \"getdc\" ascii wide nocase\r\n    condition:\r\n        $s1\r\n}\r\n\r\nrule triggerbot_triggerbot {\r\n    strings:\r\n        $s1 = \"triggerbot\" ascii wide nocase\r\n    condition:\r\n        $s1\r\n}\r\n\r\nrule triggerbot_colorbot {\r\n    strings:\r\n        $s1 = \"colorbot\" ascii wide nocase\r\n    condition:\r\n        $s1\r\n}\r\n\r\nrule triggerbot_mouseclick {\r\n    strings:\r\n        $s1 = \"mouseclick\" ascii wide nocase\r\n    condition:\r\n        $s1\r\n}\r\n\r\nrule triggerbot_pixelsearch {\r\n    strings:\r\n        $s1 = \"pixelsearch\" ascii wide nocase\r\n    condition:\r\n        $s1\r\n}\r\n\r\nrule triggerbot_screensize {\r\n    strings:\r\n        $s1 = \"ScreenSize\" ascii wide nocase\r\n    condition:\r\n        $s1\r\n}\r\n\r\nrule triggerbot_pixelcolor {\r\n    strings:\r\n        $s1 = \"pixelcolor\" ascii wide nocase\r\n    condition:\r\n        $s1\r\n}\r\n\r\nrule triggerbot_imagegrab {\r\n    strings:\r\n        $s1 = \"imagegrab\" ascii wide nocase\r\n    condition:\r\n        $s1\r\n}\r\n\r\nrule triggerbot_win32con_mouseevent {\r\n    strings:\r\n        $s1 = \"win32con.mouseevent\" ascii wide nocase\r\n    condition:\r\n        $s1\r\n}\r\n\r\nrule triggerbot_checkcolor {\r\n    strings:\r\n        $s1 = \"checkcolor\" ascii wide nocase\r\n    condition:\r\n        $s1\r\n}\r\n\r\nrule triggerbot_getcolor {\r\n    strings:\r\n        $s1 = \"getcolor\" ascii wide nocase\r\n    condition:\r\n        $s1\r\n}\r\n\r\nrule triggerbot_closecustomgui {\r\n    strings:\r\n        $s1 = \"closecustomgui\" ascii wide nocase\r\n    condition:\r\n        $s1\r\n}\r\n\r\nrule suspicious_mouse_pixel_usage\r\n{\r\n    strings:\r\n        $mouse_event = \"mouse_event\" nocase wide ascii\r\n        $getpixel = \"GetPixel\" nocase wide ascii\r\n\r\n    condition:\r\n        all of them\r\n}\r\n\r\nrule suspicious_gui_input_imports\r\n{\r\n    strings:\r\n        $user32 = \"USER32.dll\" nocase wide ascii\r\n        $gdi32  = \"GDI32.dll\" nocase wide ascii\r\n\r\n    condition:\r\n        any of them\r\n}\r\n\r\nrule suspicious_cpp_runtime\r\n{\r\n    strings:\r\n        $fh = \"__CxxFrameHandler4\" nocase wide ascii\r\n        $te = \"_CxxThrowException\" nocase wide ascii\r\n        $se = \"__std_exception_copy\" nocase wide ascii\r\n\r\n    condition:\r\n        2 of them\r\n}\r\n\r\nrule detect_pdb_paths {\r\n    strings:\r\n        $pdb_path = /[a-zA-Z]:[\\\\\\/]([a-zA-Z0-9_\\\\\\/]+)\\.pdb/ ascii wide nocase\r\n    condition:\r\n        $pdb_path\r\n}\r\n\r\nrule random_string {\r\n    strings:\r\n        $1 = \"Monday\" ascii wide nocase\r\n        $2 = \"Tuesday\" ascii wide nocase\r\n        $3 = \"Wednesday\" ascii wide nocase\r\n        $4 = \"Thursday\" ascii wide nocase\r\n        $5 = \"Friday\" ascii wide nocase\r\n        $6 = \"Saturday\" ascii wide nocase\r\n        $7 = \"Sunday\" ascii wide nocase\r\n        $8 = \"January\" ascii wide nocase\r\n        $9 = \"February\" ascii wide nocase\r\n        $10 = \"March\" ascii wide nocase\r\n        $11 = \"April\" ascii wide nocase\r\n        $12 = \"May\" ascii wide nocase\r\n        $13 = \"June\" ascii wide nocase\r\n        $14 = \"July\" ascii wide nocase\r\n        $15 = \"August\" ascii wide nocase\r\n        $16 = \"September\" ascii wide nocase\r\n        $17 = \"October\" ascii wide nocase\r\n        $18 = \"November\" ascii wide nocase\r\n        $19 = \"December\" ascii wide nocase\r\n        $20 = \"MM/dd/yy\" ascii wide nocase\r\n        $21 = \"dddd, MMMM dd, yyyy\" ascii wide nocase\r\n        $22 = \"HH:mm:ss\" ascii wide nocase\r\n    condition:\r\n        15 of them\r\n}\r\n\r\nrule VMProtect {\r\n    strings:\r\n        $s1 = \"VMProtect\" ascii wide nocase\r\n        $s3 = \"VirtualProtect\" ascii wide nocase\r\n        $s4 = \"!This program cannot be run in DOS mode.\" ascii wide nocase\r\n    condition:\r\n        $s1 or $s3 and $s4\r\n}\r\n\r\nrule fivem {\r\n    strings:\r\n        $f = \"fivem_assistant)\" ascii wide nocase\r\n    condition:\r\n        any of them\r\n}\r\n\r\nrule python {\r\n    strings:\r\n        $p = \"python\" ascii wide nocase\r\n        $p1 = \"__main__\" ascii wide nocase\r\n        $p2 = \"_init__.py\" ascii wide nocase\r\n    condition:\r\n        2 of them\r\n}\r\n\r\nrule Window {\r\n    strings:\r\n        $w0 = \"invalid window size\"\r\n        $w1 = \"CreateWindow\" ascii wide nocase\r\n        $w2 = \"MoveWindow\" ascii wide nocase\r\n        $w3 = \"DestroyWindow\" ascii wide nocase\r\n        $w4 = \"ShowWindow\" ascii wide nocase\r\n    condition:\r\n        all of them\r\n}\r\n\r\nrule CRC32_lookup {\r\n\tstrings:\r\n\t\t$c1 = { 8B 54 24 08 85 D2 7F 03 33 C0 C3 83 C8 FF 33 C9 85 D2 7E 29 56 8B 74 24 08 57 8D 9B 00 00 00 00 0F B6 3C 31 33 F8 81 E7 FF 00 00 00 C1 E8 08 33 04 BD ?? ?? ?? ?? 41 3B CA 7C E5 5F 5E F7 D0 C3 }\r\n        $c2 = { 2083B8ED }\r\n\tcondition:\r\n\t\t$c1 and $c2\r\n}",
      "name": "triggerbot.yara"
    },
    {
      "content": "rule md_aimbot { strings: $1 = \"aimbot\" nocase condition: $1}\nrule md_triggerbot { strings: $1 = \"triggerbot\" nocase condition: $1 }\nrule md_wallhack { strings: $1 = \"wallhack\" nocase condition: $1 }\nrule md_godmode { strings: $1 = \"godmode\" nocase condition: $1 }\nrule md_infiniteammo { strings: $1 = \"infiniteammo\" nocase condition: $1 }\nrule md_speedhack { strings: $1 = \"speedhack\" nocase condition: $1 }\nrule md_noclip { strings: $1 = \"noclip\" nocase condition: $1 }\nrule md_norecoil { strings: $1 = \"norecoil\" nocase condition: $1 }\nrule md_autoshoot { strings: $1 = \"autoshoot\" nocase condition: $1 }\nrule md_invisibility { strings: $1 = \"invisibility\" nocase condition: $1 }\nrule md_unlimhealth { strings: $1 = \"unlimhealth\" nocase condition: $1 }\nrule md_fastfire { strings: $1 = \"fastfire\" nocase condition: $1 }\nrule md_aimlock { strings: $1 = \"aimlock\" nocase condition: $1 }\nrule md_autoloot { strings: $1 = \"autoloot\" nocase condition: $1 }\nrule md_cheatengine { strings: $1 = \"cheatengine\" nocase condition: $1 }\nrule md_crosstrigger { strings: $1 = \"crosstrigger\" nocase condition: $1 }\nrule md_silentaim { strings: $1 = \"silentaim\" nocase condition: $1 }\nrule md_ragebot { strings: $1 = \"ragebot\" nocase condition: $1 }\nrule md_smoothaim { strings: $1 = \"smoothaim\" nocase condition: $1 }\nrule md_killall { strings: $1 = \"killall\" nocase condition: $1 }\nrule md_nospread { strings: $1 = \"nospread\" nocase condition: $1 }\nrule md_antiaim { strings: $1 = \"antiaim\" nocase condition: $1 }\nrule md_fivemloader { strings: $1 = \"fivemloader\" nocase condition: $1 }\nrule md_spectateall { strings: $1 = \"spectateall\" nocase condition: $1 }\nrule md_autofarm { strings: $1 = \"autofarm\" nocase condition: $1 }\nrule md_espbox { strings: $1 = \"espbox\" nocase condition: $1 }\nrule md_hitbox { strings: $1 = \"hitbox\" nocase condition: $1 }\nrule md_thirdperson { strings: $1 = \"thirdperson\" nocase condition: $1 }\nrule md_freecam { strings: $1 = \"freecam\" nocase condition: $1 }\nrule md_airbreak { strings: $1 = \"airbreak\" nocase condition: $1 }\nrule md_explosiveammo { strings: $1 = \"explosiveammo\" nocase condition: $1 }\nrule md_moneydrop { strings: $1 = \"moneydrop\" nocase condition: $1 }\nrule md_vehiclegod { strings: $1 = \"vehiclegod\" nocase condition: $1 }\nrule md_vehicleteleport { strings: $1 = \"vehicleteleport\" nocase condition: $1 }\nrule md_playerfinder { strings: $1 = \"playerfinder\" nocase condition: $1 }\nrule md_recoilcontrol { strings: $1 = \"recoilcontrol\" nocase condition: $1 }\nrule md_menu_base { strings: $1 = \"menu_base\" nocase condition: $1 }\nrule md_vehicleboost { strings: $1 = \"vehicleboost\" nocase condition: $1 }\nrule md_burstfire { strings: $1 = \"burstfire\" nocase condition: $1 }\nrule md_onehit { strings: $1 = \"onehit\" nocase condition: $1 }\nrule md_triggerhold { strings: $1 = \"triggerhold\" nocase condition: $1 }\nrule md_autopilot { strings: $1 = \"autopilot\" nocase condition: $1 }\nrule md_crosshairesp { strings: $1 = \"crosshairesp\" nocase condition: $1 }\nrule md_fakelag { strings: $1 = \"fakelag\" nocase condition: $1 }\nrule md_walkspeed { strings: $1 = \"walkspeed\" nocase condition: $1 }\nrule md_sprintspeed { strings: $1 = \"sprintspeed\" nocase condition: $1 }\nrule md_underground { strings: $1 = \"underground\" nocase condition: $1 }\nrule md_glowesp { strings: $1 = \"glowesp\" nocase condition: $1 }\nrule md_adminbypass { strings: $1 = \"adminbypass\" nocase condition: $1 }\nrule md_objectesp { strings: $1 = \"objectesp\" nocase condition: $1 }\nrule md_airstuck { strings: $1 = \"airstuck\" nocase condition: $1 }\nrule md_playerblips { strings: $1 = \"playerblips\" nocase condition: $1 }\nrule md_worldesp { strings: $1 = \"worldesp\" nocase condition: $1 }\nrule md_autosniper { strings: $1 = \"autosniper\" nocase condition: $1 }\nrule md_sniperassist { strings: $1 = \"sniperassist\" nocase condition: $1 }\nrule md_jumpboost { strings: $1 = \"jumpboost\" nocase condition: $1 }\nrule md_carwarp { strings: $1 = \"carwarp\" nocase condition: $1 }\nrule md_silentwalk { strings: $1 = \"silentwalk\" nocase condition: $1 }\nrule md_instantkill { strings: $1 = \"instantkill\" nocase condition: $1 }\nrule md_autohit { strings: $1 = \"autohit\" nocase condition: $1 }\nrule md_highjump { strings: $1 = \"highjump\" nocase condition: $1 }\nrule md_superrun { strings: $1 = \"superrun\" nocase condition: $1 }\nrule md_extrasensory { strings: $1 = \"extrasensory\" nocase condition: $1 }\nrule md_explosivemelee { strings: $1 = \"explosivemelee\" nocase condition: $1 }\nrule md_vehicleesp { strings: $1 = \"vehicleesp\" nocase condition: $1 }\nrule md_aimassist { strings: $1 = \"aimassist\" nocase condition: $1 }\nrule md_nameesp { strings: $1 = \"nameesp\" nocase condition: $1 }\nrule md_viewangle { strings: $1 = \"viewangle\" nocase condition: $1 }\nrule md_vehicletele { strings: $1 = \"vehicletele\" nocase condition: $1 }\nrule md_bunnyhop { strings: $1 = \"bunnyhop\" nocase condition: $1 }\nrule md_rapidfire { strings: $1 = \"rapidfire\" nocase condition: $1 }\nrule md_spinbot { strings: $1 = \"spinbot\" nocase condition: $1 }\nrule md_teamcheck { strings: $1 = \"teamcheck\" nocase condition: $1 }\nrule md_enemycheck { strings: $1 = \"enemycheck\" nocase condition: $1 }\nrule md_novisualrecoil { strings: $1 = \"novisualrecoil\" nocase condition: $1 }\nrule md_shotdelay { strings: $1 = \"shotdelay\" nocase condition: $1 }\nrule md_damageboost { strings: $1 = \"damageboost\" nocase condition: $1 }\nrule md_bossfinder { strings: $1 = \"bossfinder\" nocase condition: $1 }\nrule md_esphealth { strings: $1 = \"esphealth\" nocase condition: $1 }\nrule md_espname { strings: $1 = \"espname\" nocase condition: $1 }\nrule md_boneesp { strings: $1 = \"boneesp\" nocase condition: $1 }\nrule md_glowchams { strings: $1 = \"glowchams\" nocase condition: $1 }\nrule md_weaponselector { strings: $1 = \"weaponselector\" nocase condition: $1 }\nrule md_aimbot_enabled { strings: $1 = \"aimbot_enabled\" condition: $1 }\nrule md_aimbot_draw_fov { strings: $1 = \"aimbot_draw_fov\" condition: $1 }\nrule md_aimbot_smooth_enabled { strings: $1 = \"aimbot_smooth_enabled\" condition: $1 }\nrule md_aimbot_selected_bone { strings: $1 = \"aimbot_selected_bone\" condition: $1 }\nrule md_aimbot_fov_size { strings: $1 = \"aimbot_fov_size\" condition: $1 }\nrule md_aimbot_smooth_speed { strings: $1 = \"aimbot_smooth_speed\" condition: $1 }\nrule md_aimbot_fov_color { strings: $1 = \"aimbot_fov_color\" condition: $1 }\nrule md_aimbot_draw_selected_bone { strings: $1 = \"aimbot_draw_selected_bone\" condition: $1 }\nrule md_esp_enabled { strings: $1 = \"players_box_enabled\" condition: $1 }\nrule md_esp_box_color { strings: $1 = \"players_box_color\" condition: $1 }\nrule md_esp_box_type { strings: $1 = \"players_box_type\" condition: $1 }\nrule md_esp_health_enabled { strings: $1 = \"players_health_bar_enabled\" condition: $1 }\nrule md_esp_weapon { strings: $1 = \"players_weapon_enabled\" condition: $1 }\nrule md_esp_distance { strings: $1 = \"players_distance_enabled\" condition: $1 }\nrule md_esp_admin_count { strings: $1 = \"players_enable_admin_count\" condition: $1 }\nrule md_visuals_general { strings: $1 = \"Enabled##PedVisualsGeneral\" condition: $1 }\nrule md_visuals_skeleton { strings: $1 = \"Enabled##PedVisualsSkeleton\" condition: $1 }\nrule md_visuals_armor { strings: $1 = \"Enabled##PedVisualsArmor\" condition: $1 }\nrule md_visuals_weapon { strings: $1 = \"Enabled##PedVisualsWeapon\" condition: $1 }\nrule md_visuals_health { strings: $1 = \"Enabled##PedVisualsHealth\" condition: $1 }\nrule md_noclip_enabled { strings: $1 = \"general_noclip_enabled\" condition: $1 }\nrule md_noclip_speed { strings: $1 = \"general_noclip_speed\" condition: $1 }\nrule md_config_path { strings: $1 = \"\\\\config\\\\config.json\" condition: $1 }\nrule md_menu_keybind { strings: $1 = \"keybinds_menu_open\" condition: $1 }\nrule md_keybinds_aimbot { strings: $1 = \"keybinds_aimbot\" condition: $1 }\nrule md_menu_toggle { strings: $1 = \"Aimbot On/Off\" condition: $1 }\nrule md_menu_aimbot { strings: $1 = \"AIMBOT\" condition: $1 }\nrule md_entity_range { strings: $1 = \"entity_range\" condition: $1 }\nrule md_players_enabled { strings: $1 = \"players_enabled\" condition: $1 }\nrule md_players_range { strings: $1 = \"players_range\" condition: $1 }\nrule md_players_bones { strings: $1 = \"players_bones_ebaled\" condition: $1 }\nrule md_players_health_color { strings: $1 = \"players_health_bar_color\" condition: $1 }\nrule md_players_armor_color { strings: $1 = \"players_armor_bar_color\" condition: $1 }\nrule md_players_weapon_color { strings: $1 = \"players_weapon_color\" condition: $1 }\nrule md_players_distance_color { strings: $1 = \"players_distance_color\" condition: $1 }\nrule md_admin_count_color { strings: $1 = \"players_enable_admin_count\" condition: $1 }\nrule md_render_player_count { strings: $1 = \"Render Player Count##PedVisualsGeneral\" condition: $1 }\nrule md_render_admin_count { strings: $1 = \"Render Admin Count##PedVisualsGeneral\" condition: $1 }\nrule md_render_distance { strings: $1 = \"Render Distance##PedVisualsGeneral\" condition: $1 }\nrule md_ped_skeleton_color { strings: $1 = \"Color##PedVisualsSkeleton\" condition: $1 }\nrule md_ped_box_color { strings: $1 = \"Color##PedVisualsBox\" condition: $1 }\nrule md_ped_health_color { strings: $1 = \"Color##PedVisualsHealth\" condition: $1 }\nrule md_ped_armor_color { strings: $1 = \"Color##PedVisualsArmor\" condition: $1 }\nrule md_draw_aimbot_bone { strings: $1 = \"Draw##AimbotBone\" condition: $1 }\nrule md_selected_aimbot_bone { strings: $1 = \"Selected##AimbotBone\" condition: $1 }\nrule md_fov_setting { strings: $1 = \"Field of View\" condition: $1 }\nrule md_fov_size { strings: $1 = \"Size##AimbotFov\" condition: $1 }\nrule md_fov_color { strings: $1 = \"Color##AimbotFov\" condition: $1 }\nrule md_box_settings { strings: $1 = \"Box Settings\" condition: $1 }\nrule md_overlay_error { strings: $1 = \"[Overlay] [Error]\" condition: $1 }\nrule md_cpedcamera_ptr { strings: $1 = \"'CPedCamera' is nullptr.\" condition: $1 }\nrule md_creplayinterface_ptr { strings: $1 = \"'CReplayInterface' is nullptr.\" condition: $1 }\nrule md_cviewport_ptr { strings: $1 = \"'CViewPort' is nullptr.\" condition: $1 }\nrule md_visual_tabs { strings: $1 = \"VISUALS_SUB_TABS\" condition: $1 }\nrule md_visual_peds { strings: $1 = \"VISUALS_PED\" condition: $1 }\nrule md_visual_vehicles { strings: $1 = \"VISUALS_VEHICLES\" condition: $1 }\nrule md_vehicle_visuals_general { strings: $1 = \"Enabled##VehicleVisualsGeneral\" condition: $1 }\nrule md_render_vehicle_count { strings: $1 = \"Render Vehicle Count##VehicleVisualsGeneral\" condition: $1 }\nrule md_vehicles_range { strings: $1 = \"vehicles_range\" condition: $1 }\nrule md_vehicles_enabled { strings: $1 = \"vehicles_enabled\" condition: $1 }\nrule md_triggerbot_c14f4f { strings: $s1 = \"c14f4f\" ascii wide nocase condition: $s1 }\nrule md_triggerbot_0x4F4FC1 { strings: $s1 = \"0x4F4FC1\" ascii wide nocase condition: $s1 }\nrule md_tzx_mogler { strings: $1 = {44 3A 5C 50 72 6F 6A 65 74 73 5C 54 5A 58 5C 78 36 34 5C 52 65 6C 65 61 73 65 5C 4D 6F 64 75 6C 65 2E 70 64 62} condition: $1 }\nrule md_triggerbot_win32con_mouseevent { strings: $s1 = \"win32con.mouseevent\" ascii wide nocase condition: $s1 }\nrule md_suspicious_mouse_pixel_usage { strings: $mouse_event = \"mouse_event\" nocase wide ascii $getpixel = \"GetPixel\" nocase wide ascii condition: all of them }\nrule vanish_dmp_generic { strings: $1={33 2F 33 20 43 68 65 61 74 20 69 73 20 69} $2={6F 61 64 65 72 20 77 69 6C 6C 20 63 6C 6F 73 65} $4={5B 63 68 65 61 74 5D} condition: any of them }",
      "name": "memdump.yara"
    },
    {
      "content": "[\n    {\n      \"name\": \"Drip Lite [BETA] [EXPERIMENTAL]\",\n      \"filters\": [\n        {\n          \"points\": 1,\n          \"height\": [\"496\",\"48\"],\n          \"width\": [\"952\"]\n        },\n        {\n          \"points\": 1,\n          \"height\": [\"62\"],\n          \"width\": [\"107\"]\n        }\n      ],\n      \"hide_file_name\": false,\n      \"enabled\": true,\n      \"warning\": false,\n      \"threshold\": 1,\n      \"blacklist\": []\n    },\n        {\n      \"name\": \"Generic Cheat [BETA] [EXPERIMENTAL]\",\n      \"filters\": [\n        {\n          \"points\": 1,\n          \"height\": [\"463\"],\n          \"width\": [\"96\"]\n        }\n      ],\n      \"hide_file_name\": false,\n      \"enabled\": false,\n      \"warning\": false,\n      \"threshold\": 1,\n      \"blacklist\": []\n    },\n    {\n      \"name\": \"Vape Lite [HD] [EXPERIMENTAL]\",\n      \"filters\": [\n        {\n          \"points\": 1,\n          \"height\": [\"535\"],\n          \"width\": [\"807\"]\n        }\n      ],\n      \"hide_file_name\": false,\n      \"enabled\": true,\n      \"warning\": false,\n      \"threshold\": 1,\n      \"blacklist\": []\n    },\n    {\n      \"name\": \"Dream Advanced [HD] [EXPERIMENTAL]\",\n      \"filters\": [\n        {\n          \"points\": 1,\n          \"height\": [\"10\"],\n          \"width\": [\"10\"]\n        }\n      ],\n      \"hide_file_name\": false,\n      \"enabled\": true,\n      \"warning\": false,\n      \"threshold\": 1,\n      \"blacklist\": []\n    \n    }\n\n]",
      "name": "mc-amd.json"
    },
    {
      "content": "[\n  {\n    \"name\": \"Skript [HR] [BETA] [EXPERIMENTAL]\",\n    \"filters\": [\n      {\n        \"points\": 1,\n        \"height\": [\n          \"296\"\n        ],\n        \"width\": [\n          \"41\"\n        ]\n      }\n    ],\n    \"hide_file_name\": false,\n    \"enabled\": true,\n    \"warning\": false,\n    \"threshold\": 1,\n    \"blacklist\": []\n  },\n  {\n    \"name\": \"Generic Cheat [BETA] [EXPERIMENTAL]\",\n    \"filters\": [\n      {\n        \"points\": 1,\n        \"height\": [\n          \"463\"\n        ],\n        \"width\": [\n          \"96\"\n        ]\n      }\n    ],\n    \"hide_file_name\": false,\n    \"enabled\": false,\n    \"warning\": false,\n    \"threshold\": 1,\n    \"blacklist\": []\n  },\n  {\n    \"name\": \"0x32 Loader [BETA] [EXPERIMENTAL]\",\n    \"filters\": [\n      {\n        \"points\": 1,\n        \"height\": [\n          \"939\"\n        ],\n        \"width\": [\n          \"1616\"\n        ]\n      }\n    ],\n    \"hide_file_name\": false,\n    \"enabled\": false,\n    \"warning\": false,\n    \"threshold\": 1,\n    \"blacklist\": []\n  },\n  {\n    \"name\": \"Stopped Spoofer [BETA] [EXPERIMENTAL]\",\n    \"filters\": [\n      {\n        \"points\": 1,\n        \"height\": [\n          \"48\"\n        ],\n        \"width\": [\n          \"9\"\n        ]\n      }\n    ],\n    \"hide_file_name\": false,\n    \"enabled\": false,\n    \"warning\": false,\n    \"threshold\": 1,\n    \"blacklist\": []\n  },\n  {\n    \"name\": \"TZX Loader [QC] [EXPERIMENTAL]\",\n    \"filters\": [\n      {\n        \"points\": 1,\n        \"height\": [\n          \"108\"\n        ],\n        \"width\": [\n          \"19\"\n        ]\n      }\n    ],\n    \"hide_file_name\": false,\n    \"enabled\": false,\n    \"warning\": false,\n    \"threshold\": 1,\n    \"blacklist\": []\n  },\n  {\n    \"name\": \"Splasher Cheat [YP] [EXPERIMENTAL]\",\n    \"filters\": [\n      {\n        \"points\": 1,\n        \"height\": [\n          \"62\"\n        ],\n        \"width\": [\n          \"824\"\n        ]\n      }\n    ],\n    \"hide_file_name\": true,\n    \"enabled\": true,\n    \"warning\": false,\n    \"threshold\": 1,\n    \"blacklist\": []\n  }\n]",
      "name": "fivem-amd.json"
    },
    {
      "content": "[\n  {\n    \"name\": \"Triggerbot [AW] [EXPERIMENTAL]\",\n    \"filters\": [\n      {\n        \"points\": 1,\n        \"point_mode\": true,\n        \"strings\": [\n          \"mouse_event\",\n          \"left_click\"\n        ]\n      }\n    ],\n    \"enabled\": true,\n    \"mode\": \"detect\",\n    \"threshold\": 1\n  },\n  {\n    \"name\": \"Generic Cleaner Usage [Y3] [EXPERIMENTAL]\",\n    \"filters\": [\n      {\n        \"points\": 1,\n        \"point_mode\": true,\n        \"strings\": [\n          \"fsutil usn\",\n          \"System32\\\\winevt\\\\Logs\"\n        ]\n      }\n    ],\n    \"enabled\": true,\n    \"mode\": \"detect\",\n    \"threshold\": 1\n  },\n  {\n    \"name\": \"Generic Cheat Usage [P7] [EXPERIMENTAL]\",\n    \"filters\": [\n      {\n        \"points\": 1,\n        \"point_mode\": true,\n        \"strings\": [\n          \"Get-WmiObject -Class Win32_ComputerSystemProduct\"\n        ]\n      }\n    ],\n    \"enabled\": true,\n    \"mode\": \"detect\",\n    \"threshold\": 1\n  },\n  {\n    \"name\": \"Generic Fileless Execution [O6] [EXPERIMENTAL]\",\n    \"filters\": [\n      {\n        \"points\": 1,\n        \"point_mode\": true,\n        \"strings\": [\n          \"[System.Reflection.Assembly]::Load\"\n        ]\n      }\n    ],\n    \"enabled\": true,\n    \"mode\": \"detect\",\n    \"threshold\": 1\n  }\n]",
      "name": "pwsh_detections.json"
    },
    {
      "content": "win32k.sys\nalg.exe\napplockerfltr.sys\nsearchindexer.exe\nvssvc.exe\nmmc.exe",
      "name": "known_unsigned.txt"
    },
    {
      "content": "rule rule_EV_7646233\r\n{\r\n    meta:\r\n        author = \"ricky!\"\r\n        name = \"MATCH EVADING rule_EV_7646233\"\r\n        severity = \"severe\"\r\n\r\n    strings:\r\n        $hex_1 = {FE FF FF 83 7D 6F 00 4C 8D 45 6F 48 8B 4D 77 48}\r\n        $hex_2 = {DF 48 83 64 24 20 00 48 8D 15 82 6C 00 00 44 8B}\r\n        $hex_3 = {68 69 64 64 65 6E 21 52 65 6D 6F 76 65 48 69 64}\r\n        $hex_4 = {68 69 64 64 65 6E 21 46 6C 74 43 72 65 61 74 65}   \r\n        $hex_5 = {41 56 41 57 48 83 EC 50 4C 8B FA E8 CC 2A 00 00}\r\n        $hex_6 = {E6 EB 21 48 FF C0 66 44 2B C9 66 45 03 C9 66 45}\r\n    condition:\r\n        $hex_1 and $hex_2 and $hex_3 and $hex_4 and $hex_5 and $hex_6\r\n\r\n\r\n\r\n}\r\n\r\nrule rule_EV_7646865546\r\n{\r\n     meta:\r\n        author = \"ricky!\"\r\n        name = \"MATCH EVADING rule_EV_7646865546\"\r\n        severity = \"severe\"\r\n\r\n    strings:\r\n        $hex_1 = {45 C2 C3 CC CC CC CC CC CC CC CC CC CC CC CC CC}\r\n        $hex_2 = {EB 02 33 DB 4C 8D 35 E5 47 FD FF 48 85 DB 75 0D}\r\n        $hex_3 = {5B 48 FF 25 E8 05 01 00 40 53 48 83 EC 20 8B D9}\r\n        $hex_4 = {57 41 54 41 55 41 56 41 57 48 83 EC 20 4C 8B F2}   \r\n        $hex_5 = {53 00 79 00 73 00 74 00 65 00 6D 00 5C 00 43 00}\r\n        $hex_6 = {1D 4A 1A 0A C2 CE 41 3E 9F 9B 40 0A 5F CD 41 3E}\r\n    condition:\r\n        $hex_1 and $hex_2 and $hex_3 and $hex_4 and $hex_5 and $hex_6\r\n\r\n\r\n\r\n}\r\n\r\nrule rule_EV_764674435\r\n{\r\n    meta:\r\n        author = \"ricky!\"\r\n        name = \"MATCH EVADING rule_EV_764674435\"\r\n        severity = \"severe\"\r\n\r\n    strings:\r\n        $hex_1 = {31 2E 4E 61 6D 65 25 2C 22 46 6C 61 67 73 22 2C}\r\n        $hex_2 = {0A 5B 53 74 72 69 6E 67 73 5D 0D 0A 3B 20 54 4F 44 4F 20 2D 20 41 64 64 20 79 6F 75 72 20 6D 61}\r\n        $hex_3 = {20 22 48 69 64 64 65 6E 20 49 6E 73 74 61 6E 63}\r\n        $hex_4 = {3D 20 22 5F 54 4F 44 4F 5F 43 68 61 6E 67 65 5F 41 6C 74 69 74 75 64 65 5F 61 70 70 72 6F 70 72}   \r\n        $hex_5 = {74 75 64 65 25 0D 0A 48 4B 52 2C 22 49 6E 73 74}\r\n        $hex_6 = {65 72 2E 41 64 64 52 65 67 69 73 74 72 79 0D 0A 0D 0A 3B 0D 0A 3B 20 52 65 67 69 73 74 72 79 20}\r\n    condition:\r\n        $hex_1 and $hex_2 and $hex_3 and $hex_4 and $hex_5 and $hex_6\r\n\r\n\r\n\r\n}\r\n\r\nrule rule_EV_76460978\r\n{\r\n    meta:\r\n        author = \"ricky!\"\r\n        name = \"MATCH PTR / EVADING rule_EV_76460978\"\r\n        severity = \"severe\"\r\n\r\n    strings:\r\n        $offset_1 = {69 74 69 61 6C 69 7A 65}\r\n        $offset_2 = {3A 25 64 2C 70 69}\r\n        $offset_3 = {64 3A 25 74 75 5D 5B}\r\n        $offset_4 = {66 69 67 20 72 65}\r\n        \r\n    condition:\r\n        $offset_1 at 0x72F9 and $offset_2 at 0x730D and $offset_3 at 0x7313 and $offset_4 at 0x7337\r\n        \r\n\r\n\r\n\r\n}\r\n\r\nrule rule_EV_7643256523\r\n{\r\n    meta:\r\n        author = \"ricky!\"\r\n        name = \"MATCH LOG / EVADING rule_EV_7643256523\"\r\n        severity = \"severe\"\r\n\r\n    strings:\r\n        $offset_1 = {69 74 69 61 6C 69 7A 65}\r\n        $offset_2 = {3A 25 64 2C 70 69}\r\n        $offset_3 = {64 3A 25 74 75 5D 5B}\r\n        $offset_4 = {66 69 67 20 72 65}\r\n        \r\n    condition:\r\n        $offset_1 at 0x72F9 and $offset_2 at 0x730D and $offset_3 at 0x7313 and $offset_4 at 0x7337\r\n        \r\n\r\n\r\n\r\n}",
      "name": "evading.yara"
    },
    {
      "content": "{   \n    \"scan_all_drives\": false,\n    \"paths\":[\n      \"Users\\\\<USERNAME>\\\\Downloads\",\n      \"Users\\\\<USERNAME>\\\\Desktop\",\n      \"Users\\\\<USERNAME>\\\\Documents\",\n      \"Users\\\\<USERNAME>\\\\Documenti\",\n      \"Windows/System32/drivers\",\n      \"$Recycle.Bin//S-1-5-21-902314642-3785300889-2803946316-1000\"\n        ]\n}\n",
      "name": "configEV.json"
    },
    {
      "content": "rule rule_BP_3266327\n{\n    meta:\n        author = \"ricky!\"\n        name = \"TXZ EVADING MATCH\"\n        severity = \"severe\"\n\n    strings:\n        $offset_1 = {C3 6D 26 51 36 3D 78 21 05 61 6F FD 3C 82 D5 31}\n        $offset_2 = {E7 13 58 FA 37 10 58 97 67 FE 45 C7 D6 9D F8 CA}\n        $offset_3 = {D4 13 CC 13 A9 B9 FF BA DE 9A 3A 58 30 3A 48 45}\n        $offset_4 = {E7 AF 3D DF 09 4D C2 F3 7B 91 EF D3 30 5C 88 DD}\n        $offset_5 = {BF 95 E2 E1 80 AE 91 3F CD 32 73 06 C3 09 70 A9}\n        $offset_6 = {A5 0B 00 48 63 F6 48 C7 84 44 CA A2 CD C1 3B 3E}\n    condition:\n        $offset_1 and $offset_2 and $offset_3 and $offset_4 and $offset_5 and $offset_6\n        \n}\n\nrule rule_BP_3266326221\n{\n    meta:\n        author = \"ricky!\"\n        name = \"TXZ EVADING MATCH\"\n        severity = \"severe\"\n\n    strings:\n        $offset_1 = {C0 74 4B 48 8B CD E8 C5 9B FF FF 48 8B F8 48 85}\n        $offset_2 = {8B FE 85 ED 0F 84 8C 00 00 00 48 83 CD FF 4C 8B}\n        $offset_3 = {70 48 3B 0D C8 FA 01 00 74 05 E8 A9 67 FF FF 48}\n        $offset_4 = {D0 48 39 99 48 01 00 00 75 1B 48 39 99 40 01 00}\n        $offset_5 = {FB 99 69 C1 98 C8 D1 3F F3 A2 48 9E FF F8 D1 3F}\n        $offset_6 = {3A 6B 50 3C ED 71 F5 3F E2 52 7C BA 97 63 F5 3F}\n    condition:\n        $offset_1 and $offset_2 and $offset_3 and $offset_4 and $offset_5 and $offset_6\n        \n}\n\nrule rule_BP_32668683\n{\n    meta:\n        author = \"ricky!\"\n        name = \"TXZ EVADING MATCH\"\n        severity = \"severe\"\n\n    strings:\n        $offset_1 = {43 72 65 61 74 65 64 20 50 72 6F 63 65 73 73 2C}\n        $offset_2 = {5B 2B 5D 20 44 6F 6E 65 21}\n        $offset_3 = {B0 2E D2 55 F6 7F 00 00 60 37 D2 55 F6 7F 00 00}\n        $offset_4 = {40 30 D2 55 F6 7F 00 00 80 4D D2 55 F6 7F 00 00}\n        $offset_5 = {60 50 D2 55 F6 7F 00 00 25 70 00 00 00 00 00}\n        $offset_6 = {50 45 D2 55 F6 7F 00 00 10 45 D2 55 F6 7F 00 00}\n    condition:\n        $offset_1 and $offset_2 and $offset_3 and $offset_4 and $offset_5 and $offset_6\n        \n}\n\nrule rule_BP_32663272352\n{\n    meta:\n        author = \"ricky!\"\n        name = \"TXZ EVADING MATCH\"\n        severity = \"severe\"\n\n    strings:\n        $offset_1 = {15 A6 DE D9 D4}\n        $offset_2 = {C4 44 09 85 A2 05 40 18 40}\n        $offset_3 = {EA 7D 32 9D 72 1C EA}\n        $offset_4 = {A3 D1 DA 6A 2A 82 2E 2F 9E}\n        $offset_5 = {49 BC 79 9E 1C 1D 3D 92 36 FE}\n        $offset_6 = {1B B8 01 62 5F 78}\n    condition:\n        $offset_1 at 0x145B and $offset_2 at 0x15D1 and $offset_3 at 0x14E5 and $offset_4 at 0x14F5 and $offset_5 at 0x152F and $offset_6 at 0x155B\n        \n\n}\n\nrule rule_BP_32663272742\n{\n    meta:\n        author = \"ricky!\"\n        name = \"TXZ EVADING MATCH\"\n        severity = \"severe\"\n\n    strings:\n        $offset_1 = {48 8D 05 CC 94 02 00}\n        $offset_2 = {48 8B 05 8D FC 03 00}\n        $offset_3 = {48 8D 0D 99 93 02 00}\n        $offset_4 = {48 8D 05 62 93 02 00}\n        $offset_5 = {48 8D 05 8C 92 02 00}\n        $offset_6 = {48 83 C2 27}\n    condition:\n        $offset_1 at 0x178D and $offset_2 at 0x17F4 and $offset_3 at 0x18C0 and $offset_4 at 0x1927 and $offset_5 at 0x19CD and $offset_6 at 0x1A76\n        \n\n}\n\nrule rule_BK_3623747\n{\n    meta:\n        author = \"ricky!\"\n        name = \"SKRIPT EVADING MATCH\"\n        severity = \"severe\"\n\n    strings:\n        $offset_1 = {5F F4 6E EE A4 54 7B 87 EA A1 FB A8 B9 79 67 5A}\n        $offset_2 = {D0 C7 F1 DD 57 83 0D 65 42 D4 5E 39 D1 DF 59 0C}\n        $offset_3 = {2F D8 CA A9 46 E5 89 F2 42 2F AD 5A 5D 69 E6 36}\n        $offset_4 = {FC D4 F4 AE F0 0A 78 BC FB FA 38 51 48 74 D5 F1}\n        $offset_5 = {59 0B 12 F6 49 45 3E D7 94 EA 70 6E E5 B2 D4 0C}\n        $offset_6 = {D7 EE 95 A4 AB 92 E5 6A 82 BE 75 D4 E0 53 AA DB}\n    condition:\n        $offset_1 and $offset_2 and $offset_3 and $offset_4 and $offset_5 and $offset_6\n        \n}\n\nrule rule_BK_3623478653\n{\n    meta:\n        author = \"ricky!\"\n        name = \"SKRIPT EVADING MATCH\"\n        severity = \"severe\"\n\n    strings:\n        $offset_1 = {80 5B 80 A7 9A 8B 36 3E D6 1D 77 AC 19 C5 60 3E}\n        $offset_2 = {41 23 C1 44 0B C1 03 C0 44 0B C0 8B 44 24 08 83}\n        $offset_3 = {6C 87 FF FF 33 C9 4C 8B F8 E8 9A 60 FF FF 4D 85}\n        $offset_4 = {38 48 8D 4C 24 60 49 8B D7 74 07 E8 A4 DF 00 00}\n        $offset_5 = {E8 1B FE FF FF 48 83 C4 28 C3 CC CC 48 89 5C 24}\n        $offset_6 = {24 50 4C 8B 74 24 58 48 83 C4 30 41 5F C3 48 8B}\n    condition:\n        $offset_1 and $offset_2 and $offset_3 and $offset_4 and $offset_5 and $offset_6\n        \n}\n\nrule rule_BK_36286466\n{\n    meta:\n        author = \"ricky!\"\n        name = \"SKRIPT EVADING MATCH\"\n        severity = \"severe\"\n\n    strings:\n        $offset_1 = {43 72 65 61 74 65 64 20 50 72 6F 63 65 73 73 2C}\n        $offset_2 = {5B 2B 5D 20 44 6F 6E 65 21}\n        $offset_3 = {B0 2E D2 55 F6 7F 00 00 60 37 D2 55 F6 7F 00 00}\n        $offset_4 = {40 30 D2 55 F6 7F 00 00 80 4D D2 55 F6 7F 00 00}\n        $offset_5 = {60 50 D2 55 F6 7F 00 00 25 70 00 00 00 00 00}\n        $offset_6 = {50 45 D2 55 F6 7F 00 00 10 45 D2 55 F6 7F 00 00}\n    condition:\n        $offset_1 and $offset_2 and $offset_3 and $offset_4 and $offset_5 and $offset_6\n        \n}\n\nrule rule_BK_3623236478\n{\n    meta:\n        author = \"ricky!\"\n        name = \"SKRIPT EVADING MATCH\"\n        severity = \"severe\"\n\n    strings:\n        $offset_1 = {15 A6 DE D9 D4}\n        $offset_2 = {C4 44 09 85 A2 05 40 18 40}\n        $offset_3 = {EA 7D 32 9D 72 1C EA}\n        $offset_4 = {A3 D1 DA 6A 2A 82 2E 2F 9E}\n        $offset_5 = {49 BC 79 9E 1C 1D 3D 92 36 FE}\n        $offset_6 = {1B B8 01 62 5F 78}\n    condition:\n        $offset_1 at 0x145B and $offset_2 at 0x15D1 and $offset_3 at 0x14E5 and $offset_4 at 0x14F5 and $offset_5 at 0x152F and $offset_6 at 0x155B\n        \n\n}\n\nrule rule_BK_3623964\n{\n    meta:\n        author = \"ricky!\"\n        name = \"SKRIPT EVADING MATCH\"\n        severity = \"severe\"\n\n    strings:\n        $offset_1 = {48 8D 05 CC 94 02 00}\n        $offset_2 = {48 8B 05 8D FC 03 00}\n        $offset_3 = {48 8D 0D 99 93 02 00}\n        $offset_4 = {48 8D 05 62 93 02 00}\n        $offset_5 = {48 8D 05 8C 92 02 00}\n        $offset_6 = {48 83 C2 27}\n    condition:\n        $offset_1 at 0x178D and $offset_2 at 0x17F4 and $offset_3 at 0x18C0 and $offset_4 at 0x1927 and $offset_5 at 0x19CD and $offset_6 at 0x1A76\n        \n\n}\n\nrule rule_T_621154\n{\n    meta:\n        author = \"ricky!\"\n        name = \"TZX MATCH\"\n        severity = \"severe\"\n\n    strings:\n        $offset_1 = {3D 92 3F 36 7D 11 47 D6 CF 82 64 64 0B 07 1F 69}\n        $offset_2 = {3E BE 83 6C 1B D1 7F EB FC B6 6B 4F FF D6 23 22}\n        $offset_3 = {E9 00 3D 0C 00 41 C1 CB 03 E9 74 46 FD FF FF CD}\n        $offset_4 = {E0 26 31 00 9D F9 08 00 C5 F9 08 00 F4 26 31 00}\n        $offset_5 = {48 2B E1 48 81 FD 28 08 07 00 48 81 E4 F0 FF FF}\n    condition:\n        $offset_1 and $offset_2 and $offset_3 and $offset_4 and $offset_5\n        \n}\n\nrule rule_T_621358298\n{\n    meta:\n        author = \"ricky!\"\n        name = \"Found Match TZX strings its TRACE! tzproject check-out\"\n        severity = \"warning\"\n\n    strings:\n        $offset_1 = {74 7A 70 72 6F 6A 65 63 74}\n    condition:\n        $offset_1\n        \n}\n\nrule rule_T_62115435312\n{\n    meta:\n        author = \"ricky!\"\n        name = \"TZX MATCH\"\n        severity = \"severe\"\n\n    strings:\n        $offset_1 = {B3 EE EC C8 E2 02 83 2B B8 96 41 FA 72 2C AE 7E}\n        $offset_2 = {7E F2 00 25 D7 E7 CA FF EC 09 75 A7 6B 93 8E 84}\n        $offset_3 = {A6 F3 11 F1 FB 68 40 55 D3 38 69 E0 75 EA EC 8E}\n        $offset_4 = {FB FF 2D 79 6B BC 7B D1 C0 FF C8 F9 4D 85 D2 F7}\n        $offset_5 = {C2 66 41 FF C2 41 0F BA FA 5D 31 14 24 66 41 0F}\n    condition:\n        $offset_1 and $offset_2 and $offset_3 and $offset_4 and $offset_5\n        \n}\n\nrule rule_T_621233097\n{\n    meta:\n        author = \"ricky!\"\n        name = \"TZX MATCH\"\n        severity = \"severe\"\n\n    strings:\n        $offset_1 = {BA 0E 00 B4 09}\n        $offset_2 = {68 69 73 20 70}\n        $offset_3 = {64 65 2E 0D 0D 0A 24 00}\n        $offset_4 = {00 88 50 85 00 68}\n        $offset_5 = {28 A5 FE D1 7F 79}\n        $offset_6 = {69 00 00 50 7B 00}\n    condition:\n        $offset_1 at 0x42 and $offset_2 at 0x4F and $offset_3 at 0x72 and $offset_4 at 0x10F and $offset_5 at 0x95B and $offset_6 at 0x25A\n        \n\n}\n\nrule rule_T_6211542335709\n{\n    meta:\n        author = \"ricky!\"\n        name = \"TZX MATCH\"\n        severity = \"severe\"\n\n    strings:\n        $offset_1 = {00 88 B4 72 00 00}\n        $offset_2 = {30 81 00 00 B6 72}\n        $offset_3 = {12 3D 40 E4 32 1D}\n        $offset_4 = {3A AC 65 CE 5C 59 6D}\n        $offset_5 = {62 85 25 23 67 4C}\n        $offset_6 = {6B 4C 11 CF 2F}\n    condition:\n        $offset_1 at 0x257 and $offset_2 at 0x25D and $offset_3 at 0x477 and $offset_4 at 0x481 and $offset_5 at 0x48B and $offset_6 at 0x497\n        \n\n}\n\nrule rule_SK_4125639\n{\n    meta:\n        author = \"ricky!\"\n        name = \"MATCH SKRIPT\"\n        severity = \"severe\"\n\n    strings:\n        $offset_1 = {08 48 89 74 24 10 57 48 83 EC 20 33 DB 48 8B FA}\n        $offset_2 = {0D 4B D2 04 00 48 6B C0 58 48 03 C1 C3 CC CC CC}\n        $offset_3 = {80 C3 30 41 8A C3 41 8A CB 44 8B DA 3C 39 7E 0B}\n        $offset_4 = {73 D8 08 66 0F D6 44 24 78 F3 0F 10 44 24 40 44}\n        $offset_5 = {6B B8 36 C0 1B 83 4B 90 FD D5 58 EA F6 D5 2C 9E}\n        $offset_6 = {79 D3 C9 08 8E 43 E0 0A A9 A9 56 B6 9A E2 00 A1}\n    condition:\n        $offset_1 and $offset_2 and $offset_3 and $offset_4 and $offset_5 and $offset_6\n        \n}\n\nrule rule_SK_412524672\n{\n    meta:\n        author = \"ricky!\"\n        name = \"MATCH SKRIPT\"\n        severity = \"severe\"\n\n    strings:\n        $offset_1 = {48 8D 05 91 A3 0B 00}\n        $offset_2 = {E9 19 2B 08 00}\n        $offset_3 = {48 8D 05 F9 54 0C 00}\n        $offset_4 = {48 C7 41 10 00 00 00 00}\n        $offset_5 = {48 8D 05 66 A6 0B 00}\n        $offset_6 = {66 0F 6F 05  D4 1C 14 00}\n    condition:\n        $offset_1 at 0x510 and $offset_2 at 0x51E and $offset_3 at 0x530 and $offset_4 at 0x537 and $offset_5 at 0x543 and $offset_6 at 0x4F4\n        \n\n}\n\nrule rule_SK_412523631\n{\n    meta:\n        author = \"ricky!\"\n        name = \"MATCH SKRIPT IN MEMORY! skript.gg check-out\"\n        severity = \"warning\"\n\n    strings:\n        $offset_1 = {73 6B 72 69 70 74 2E 67 67}\n    \n    condition:\n        $offset_1\n        \n}\n\nrule rule_SK_4125215631\n{\n    meta:\n        author = \"ricky!\"\n        name = \"MATCH SKRIPT\"\n        severity = \"severe\"\n\n    strings:\n        $offset_1 = {D1 1D D0 20 03 AD 81 C1 81 DF 77 60 B6 59 66 00}\n        $offset_2 = {3F 4B 99 07 4A 02 E0 C7 88 2F 73 07 C4 EE 48 02}\n        $offset_3 = {DD 80 2C F9 75 5B CF 3F E4 DB 40 FC D1 D3 CF 3F}\n        $offset_4 = {79 50 3B 70 4A E4 5A C1 63 07 92 0E 36 19 74 43}\n        $offset_5 = {4C C2 05 26 27 1A 54 21 D5 43 F4 17 55 C1 72 5C}\n    condition:\n        $offset_1 and $offset_2 and $offset_3 and $offset_4 and $offset_5\n        \n}\n\nrule rule_EO_3642125\n{\n    meta:\n        author = \"ricky!\"\n        name = \"MATCH EVADING OVERLAY\"\n        severity = \"severe\"\n\n    strings:\n        $offset_1 = {A2 C1 FC 2F 9E 19 1B 10 0F 6A FA 07 D1 A0 48 46}\n        $offset_2 = {2C B6 B4 02 49 F2 76 20 7B 29 5F 8F 54 7D AA EE}\n        $offset_3 = {73 A8 11 4B 15 BB 3C ED 08 1B 79 0B E4 F2 4B C7}\n        $offset_4 = {91 AC FE D0 04 04 A9 C0 8D E8 12 B1 74 AE 46 C3}\n        $offset_5 = {09 12 69 E7 AA BF 68 65 A3 A5 DF ED F5 CA CB D2}\n        $offset_6 = {8F 44 45 50 95 80 91 D4 ED DF C4 FD 6D AF E1 5A}\n    condition:\n        $offset_1 and $offset_2 and $offset_3 and $offset_4 and $offset_5 and $offset_6\n        \n}\n\nrule rule_EO_3642326331\n{\n    meta:\n        author = \"ricky!\"\n        name = \"MATCH EVADING OVERLAY\"\n        severity = \"severe\"\n\n    strings:\n        $offset_1 = {2E 74 65 78 74}\n        $offset_2 = {2E 72 64 61 74 61}\n        $offset_3 = {2E 64 61 74 61}\n        $offset_4 = {40 2E 6D 78 72 63 79 30}\n        $offset_5 = {2E 6D 78 72 63 79 31}\n        $offset_6 = {2E 72 73 72 63}\n    condition:\n        $offset_1 and $offset_2 and $offset_3 and $offset_4 and $offset_5 and $offset_6\n        \n}\n\nrule rule_EO_36427442\n{\n    meta:\n        author = \"ricky!\"\n        name = \"MATCH EVADING OVERLAY\"\n        severity = \"severe\"\n\n    strings:\n        $offset_1 = {00 A8 65 A4 00 00}\n        $offset_2 = {00 6C A4 00}\n        $offset_3 = {68 DC AF BA A8}\n        $offset_4 = {18 B4 F2 7B 45 5A A8}\n        $offset_5 = {A0 FC 9D 87 0D 4D 38 3D 3E}\n        $offset_6 = {88 A0 71 A5 E2 1E}\n    condition:\n        $offset_1 at 0x257 and $offset_2 at 0x2B4 and $offset_3 at 0x571 and $offset_4 at 0x599 and $offset_5 at 0x5B4 and $offset_6 at 0x5CB\n        \n\n}\n\nrule rule_EO_364296674\n{\n    meta:\n        author = \"ricky!\"\n        name = \"MATCH EVADING OVERLAY\"\n        severity = \"severe\"\n\n    strings:\n        $offset_1 = {2F 26 30 E7 F1 08 07 87 8F 60 D7 5D E3 C2 26 93}\n        $offset_2 = {6B F8 08 49 E7 DC 27 4B 1B DB E8 89 D9 29 2B BE}\n        $offset_3 = {AD B5 4F 6C 82 FB C7 FC 81 17 31 EF A9 93 38 3E}\n        $offset_4 = {88 68 DE 40 76 6D EB FD AD 93 85 89 15 55 7D 5F}\n        $offset_5 = {93 65 4B 82 95 2F 34 5C CA 55 64 99 11 6D 6B 4D}\n        $offset_6 = {54 4E D2 7B A3 0E A1 CB 4A F0 11 EF 47 86 50 05}\n    condition:\n        $offset_1 and $offset_2 and $offset_3 and $offset_4 and $offset_5 and $offset_6\n        \n}\n\nrule rule_BL_12905125\n{\n    meta:\n        author = \"ricky!\"\n        name = \"MATCH BLACKOUT CHEAT!\"\n        severity = \"severe\"\n\n    strings:\n        $offset_1 = {FE FF 48 8B D8 48 8D 44 24 50 48 89 44 24 40 48}\n        $offset_2 = {E8 BB 55 FC FF 48 8B D8 48 89 45 47 48 8B 56 08}\n        $offset_3 = {24 58 89 01 48 8B C1 48 89 79 08 44 89 49 04 48}\n        $offset_4 = {06 4C 39 48 F8 74 39 44 89 4C 24 30 48 3B 51 10}\n        $offset_5 = {5B B6 55 3C DB 4E EB 57 36 EF 19 C6 76 EA FB 8B}\n        $offset_6 = {E4 EC A0 89 E5 D3 B9 5B BF 84 FD E3 2C 08 BF B6}\n    condition:\n        $offset_1 and $offset_2 and $offset_3 and $offset_4 and $offset_5 and $offset_6\n        \n\n}\n\nrule rule_BL_12908842\n{\n    meta:\n        author = \"ricky!\"\n        name = \"BLACKOUT DLL D3DX9_43.dll TRACE!\"\n        severity = \"warning\"\n\n    strings:\n        $offset_1 = {00 66 41 83 FB 03 75 C0 33 FF 8D 5F 04 E9 37 FF}\n        $offset_2 = {C4 6E F4 FF F3 0F 5C AC 24 14 09 00 00 F3 0F 59}\n        $offset_3 = {10 48 89 74 24 18 48 89 7C 24 20 55 41 54 41 55}\n        $offset_4 = {45 8D 58 03 48 0F 44 CA 41 83 E3 FC 48 89 4C 24}\n        $offset_5 = {BB 01 00 00 00 8B D3 49 8B CD FF 10 48 89 74 24}\n        $offset_6 = {42 08 8B CA FF C2 44 0F B6 04 08 41 89 52 24 EB}\n    condition:\n        $offset_1 and $offset_2 and $offset_3 and $offset_4 and $offset_5 and $offset_6\n        \n\n}\n\nrule rule_BL_129095833\n{\n    meta:\n        author = \"ricky!\"\n        name = \"MATCH BLACKOUT imgui!\"\n        severity = \"warning\"\n\n    strings:\n        $offset_1 = {5B 57 69 6E 64 6F 77 5D 5B 44 65 62 75 67 23 23}\n        $offset_2 = {44 65 66 61 75 6C 74 5D 0D 0A 50 6F 73 3D 36 30 2C 36 30 0D 0A 53 69 7A 65 3D 34 30 30 2C 34 30}\n        $offset_3 = {57 69 6E 64 6F 77 5D 5B 20 5D 0D 0A 50 6F 73 3D 39 37 38 2C 31 37 34 0D 0A 53 69 7A 65 3D 38 36}\n        $offset_4 = {3D 31 37 32 2C 33 34 0D 0A 0D 0A 5B 57 69 6E 64 6F 77 5D 5B 23 23 54 4F 41 53 54 31 5D 0D 0A 50}\n        $offset_5 = {69 64 74 68 3D 36 32 0D 0A 43 6F 6C 75 6D 6E 20 31 30 20 57 69 64 74 68 3D 36 0D 0A 0D 0A}\n        $offset_6 = {75 6D 6E 20 37 20 20 57 69 64 74 68 3D 36 32 0D 0A 43 6F 6C 75 6D 6E 20 38 20 20 57 69 64 74 68}\n    condition:\n        $offset_1 and $offset_2 and $offset_3 and $offset_4 and $offset_5 and $offset_6\n        \n\n}\n\nrule rule_BL_12902426734\n{\n    meta:\n        author = \"ricky!\"\n        name = \"MATCH BLACKOUT!\"\n        severity = \"warning\"\n\n    strings:\n        $offset_1 = {BA 0E 00 B4 09}\n        $offset_2 = {B8 01 4C CD 21}\n        $offset_3 = {68 69 73 20 70}\n        $offset_4 = {64 65 2E 0D 0D 0A 24 00}\n        $offset_5 = {26 36 0A 4D E7}\n        $offset_6 = {4E 0B 4C 35 36}\n    condition:\n        $offset_1 at 0x42 and $offset_2 at 0x49 and $offset_3 at 0x4F and $offset_4 at 0x72 and $offset_5 at 0xAC and $offset_6 at 0xC9\n        \n\n}\n\nrule rule_EU_73631623\n{\n    meta:\n        author = \"ricky!\"\n        name = \"MATCH EULEN CHEAT!\"\n        severity = \"severe\"\n\n    strings:\n        $offset_1 = {39 41 ED BE C4 A7 6C 2C EB 2F 3F 5C A8 46 B5 97}\n        $offset_2 = {6C 00 ED FC C6 EB 9C A5 36 18 C2 8B 2E 67 98 F0}\n        $offset_3 = {C9 5C 30 D1 35 52 C1 59 13 E0 26 EE FD 5E DB 65}\n        $offset_4 = {6A EF DD 51 0E 6B 7C 21 92 71 E7 C8 4D BF D4 2A}\n        $offset_5 = {3E 71 D5 59 5B C6 4F EE 0F 71 03 79 2E 53 B5 69}\n        $offset_6 = {86 7E 82 FE 19 D2 4C BF 05 B1 7F 35 B3 C9 E3 A6}\n    condition:\n        $offset_1 and $offset_2 and $offset_3 and $offset_4 and $offset_5 and $offset_6\n        \n\n}\n\nrule rule_EU_73638432\n{\n    meta:\n        author = \"ricky!\"\n        name = \"MATCH EULEN!\"\n        severity = \"severe\"\n\n    strings:\n        $offset_1 = {A0 6A 44 26 6D 74 34 0D 00}\n        $offset_2 = {64 65 2E 0D 0D 0A 24 00}\n        $offset_3 = {A0 70 69 2B 60 AC 62 11 00}\n        $offset_4 = {A0 36 3D 21 37 2D C1 27 00}\n        $offset_5 = {A0 31 38 5E 26 D4 B7 01 00}\n        \n    condition:\n        $offset_1 at 0x1DB and $offset_2 at 0x72 and $offset_3 at 0x1B3 and $offset_4 at 0x18B and $offset_5 at 0x203\n        \n\n}\n\nrule rule_GO_23274763\n{\n    meta:\n        author = \"ricky!\"\n        name = \"MATCH GOSTH!\"\n        severity = \"severe\"\n\n    strings:\n        $offset_1 = {47 6F 73 74 68 0D 0A 48 65 6C 6C 6F 2C 20 54 68 61 6E 6B 20 79 6F 75 20 76 65 72 79 20 6D 75 63 68 20 66 6F 72 20 70 75 72 63 68 61 73 69 6E 67}\n        $offset_2 = {74 65 70 73 20 6D 65 6E 74 69 6F 6E 65 64 20 62 65 6C 6F 77 3A 0D 0A 0D 0A 31 20 2D 20 44 69 73 61 62 6C 65 20 61 6E 74 69 76 69 72 75 73 20 28}\n        $offset_3 = {0A 68 74 74 70 73 3A 2F 2F 63 64 6E 2E 67 6F 73 74 68 2E 6C 74 64 2F 6C 61 75 6E 63 68 65 72 2E 65 78 65}\n        $offset_4 = {74 68 65 20 6C 61 75 6E 63 68 65 72 0D 0A 34 20 2D 20 43 6C 69 63 6B 20 6F 6E 20 72 65 67 69 73 74 65 72 0D 0A 35}\n        $offset_5 = {43 6C 69 63 6B 20 6F 6E 20 41 74 74 61 63 68 20 74 6F 20 46 69 76 65 6D}\n        $offset_6 = {6F 72 20 6E 6F 72 6D 61 6C 20 66 75 6C 6C 20 73 63 72 65 65 6E 20 6D 6F 64 65 20 28 46 75 6C 6C 20 73 63 72 65 65 6E 20 65 78 63 6C 75 73 69 76 65 20 6D 61 79 20 63 61 75 73 65 20 67 61 6D 65}\n    condition:\n        $offset_1 and $offset_2 and $offset_3 and $offset_4 and $offset_5 and $offset_6\n        \n\n}\n\nrule rule_GO_2329533643\n{\n    meta:\n        author = \"ricky!\"\n        name = \"MATCH GOSTH!\"\n        severity = \"severe\"\n\n    strings:\n        $offset_1 = {2E 70 65 64 72 69 6E 30}\n        $offset_2 = {2E 70 65 64 72 69 6E 32}\n        $offset_3 = {63 64 6E 2E 67 6F 73 74 68 2E 6C 74 64}\n        \n    condition:\n        $offset_1 and $offset_2 and $offset_3\n        \n\n}\n\nrule rule_GO_23285354\n{\n    meta:\n        author = \"ricky!\"\n        name = \"MATCH GOSTH!\"\n        severity = \"severe\"\n\n    strings:\n        $offset_1 = {00 89 10 7A 65 00}\n        $offset_2 = {00 7C 08 01}\n        $offset_3 = {00 A0 AB E1 02 20}\n        $offset_4 = {00 A8 AF 9B 02 F0}\n        $offset_5 = {00 90 7B 01 B0 00}\n        \n    condition:\n        $offset_1 at 0x87 and $offset_2 at 0xA0 and $offset_3 at 0x11F and $offset_4 at 0x10F and $offset_5 at 0x168 \n        \n\n}\n\nrule rule_MA_4907890\n{\n    meta:\n        author = \"ricky!\"\n        name = \"MATCH MAJESTIC CHEAT!\"\n        severity = \"severe\"\n\n    strings:\n        $offset_1 = {40 53 55 56 41 56 48 83 EC 28 48 8B 31 4C 8B F1}\n        $offset_2 = {01 82 4D 2D 02 ED 71 BA 6E 6E BB 70 01 2A FE D6}\n        $offset_3 = {A5 A7 17 08 78 44 9E DB 68 74 DD 47 F2 BD 8F 37}\n        $offset_4 = {83 8C 33 45 8E 79 26 3A CF 69 6F AA 5F 01 B4 04}\n        $offset_5 = {83 09 87 77 20 53 88 77 41 67 07 83 1D 87 3B 41}\n        $offset_6 = {4B 40 57 57 40 82 03 89 DB 22 16 9D 70 85 19 27}\n    condition:\n        $offset_1 and $offset_2 and $offset_3 and $offset_4 and $offset_5 and $offset_6\n        \n\n}\n\nrule rule_MA_490853354\n{\n    meta:\n        author = \"ricky!\"\n        name = \"MATCH MAJESTIC CHEAT!\"\n        severity = \"severe\"\n\n    strings:\n        $offset_1 = {40 53 55 56 41 56 48 83 EC 28 48 8B 31 4C 8B F1}\n        $offset_2 = {01 82 4D 2D 02 ED 71 BA 6E 6E BB 70 01 2A FE D6}\n        $offset_3 = {A5 A7 17 08 78 44 9E DB 68 74 DD 47 F2 BD 8F 37}\n        $offset_4 = {83 8C 33 45 8E 79 26 3A CF 69 6F AA 5F 01 B4 04}\n        $offset_5 = {83 09 87 77 20 53 88 77 41 67 07 83 1D 87 3B 41}\n        $offset_6 = {4B 40 57 57 40 82 03 89 DB 22 16 9D 70 85 19 27}\n    condition:\n        $offset_1 and $offset_2 and $offset_3 and $offset_4 and $offset_5 and $offset_6\n        \n\n}\n\nrule rule_MA_4946367587\n{\n    meta:\n        author = \"ricky!\"\n        name = \"MATCH MAJESTIC CHEAT!\"\n        severity = \"severe\"\n\n    strings:\n        $offset_1 = {7F 31 42 DB 62 14 64 85 DE 12 C4 C5 C5 4B DD 68}\n        $offset_2 = {C4 27 08 F6 D0 7F D2 F3 80 47 4A 4E 82 E0 B9 60}\n        $offset_3 = {10 00 9A 9C A7 01 10 00 B1 9C A7 01 10 00 D1 9C}\n        $offset_4 = {81 C0 C8 E7 45 32 C8 41 0F BE F2 4C 03 C4 FE C9}\n        $offset_5 = {FF 56 D0 48 89 B4 1C 4C FF 56 D0 C1 B4 1C 4D FF}\n        $offset_6 = {81 48 C7 84 2C F0 FF 6B 9C BB 86 95 ED F6 D9 0F}\n    condition:\n        $offset_1 and $offset_2 and $offset_3 and $offset_4 and $offset_5 and $offset_6\n        \n\n}\n\nrule rule_MA_49078908763\n{\n    meta:\n        author = \"ricky!\"\n        name = \"MATCH MAJESTIC\"\n        severity = \"severe\"\n\n    strings:\n        $offset_1 = {3E 63 68 72 6F 6D 65 2E 65 78 65 0D 0A 30 30 30}\n        $offset_2 = {3A 44 39 2D 3E 39 30 0D 0A 30 30 30 30 30 30 30}\n        $offset_3 = {42 3A 43 45 2D 3E 39 30 0D 0A 30 30 30 30 30 30}\n        $offset_4 = {30 30 30 39 42 32 35 35 3A 45 38 2D 3E 39 30 0D}\n\n    condition:\n        $offset_1 and $offset_2 and $offset_3 and $offset_4\n        \n\n}\n\nrule rule_MA_4902426477\n{\n    meta:\n        author = \"ricky!\"\n        name = \"MATCH MAJESTIC\"\n        severity = \"severe\"\n\n    strings:\n        $offset_1 = {3E 6D 61 6A 65 73 74 69 63 65 78 74 65 72 6E 61}\n        $offset_2 = {30 30 35 35 46 44 46 3A 45 38 2D 3E 39 30 0D 0A}\n        $offset_3 = {30 30 30 30 35 35 46 45 31 3A 45 46 2D 3E 39 30}\n        $offset_4 = {30 30 30 30 30 30 35 35 46 45 33 3A 46 46 2D 3E 39 30}\n\n    condition:\n        $offset_1 and $offset_2 and $offset_3 and $offset_4\n        \n\n}\n\nrule rule_MA_49078946453\n{\n    meta:\n        author = \"ricky!\"\n        name = \"MATCH MAJESTIC\"\n        severity = \"severe\"\n\n    strings:\n        $offset_1 = {00 AA 4C C4 00 00}\n        $offset_2 = {00 B6 1F 48 01 00}\n        $offset_3 = {A2 0A D3 6B 99 94 EA C2 83}\n        $offset_4 = {6B 99 94 A2 BA 9B 6B}\n\n    condition:\n        $offset_1 at 0x58F and $offset_2 at 0x597 and $offset_3 at 0x148E and $offset_4 at 0x1497\n        \n\n}\n\nrule rule_MA_49087635\n{\n    meta:\n        author = \"ricky!\"\n        name = \"MATCH MAJESTIC\"\n        severity = \"severe\"\n\n    strings:\n        $offset_1 = {69 63 68 CB 4B 11 7F}\n        $offset_2 = {10 AD 30 00 40 01}\n        $offset_3 = {00 AF 30 00 28 00}\n        $offset_4 = {9A 22 00 00 5E 0F 00}\n\n    condition:\n        $offset_1 at 0x109 and $offset_2 at 0x1F0 and $offset_3 at 0x1E8 and $offset_4 at 0x259\n        \n\n}\nrule rule_RE_3642gasadr235\n{\n    meta:\n        author = \"ricky!\"\n        name = \"MATCH REVERSED ENGINE\"\n        severity = \"severe\"\n\n    strings:\n        $offset_1 = {E9 C7 2C 7D 54 4A 35 E9 52 A1 EC 41 51 60 30 5C}\n        $offset_2 = {88 EE 4C ED D3 4B 84 42 84 F0 03 8A 14 4B 5B DA}\n        $offset_3 = {EE A3 02 26 B8 9F 13 41 8C DD 92 34 AC 2C ED 0D}\n        $offset_4 = {62 A8 B7 1B CC 4D 0A 5D D0 AC 39 07 C7 64 67 F1}\n        $offset_5 = {46 92 53 8A 5D 51 ED 0D 82 4A EA C0 08 89 9B 2A}\n        $offset_6 = {66 F7 C7 0C 24 F7 DA 48 85 C4 41 53 31 14 24 41}\n    condition:\n        $offset_1 and $offset_2 and $offset_3 and $offset_4 and $offset_5 and $offset_6\n        \n\n}\nrule rule_RE_364gsa325346\n{\n    meta:\n        author = \"ricky!\"\n        name = \"MATCH REVERSED ENGINE\"\n        severity = \"severe\"\n\n    strings:\n        $offset_1 = {D4 AE 5C B1 AB CB 5B 08 1F 16 53 34 C4 F5 80 2E}\n        $offset_2 = {5B 1F 0F 76 E8 95 85 34 6D D9 2E E5 AF 4A 0C A3}\n        $offset_3 = {06 D6 0F 2B C0 6D 5F E0 30 92 74 F8 59 39 BD 44}\n        $offset_4 = {5D 1B ED AD 40 3F CD D0 F9 7F 49 FC B0 4A 1C 9D}\n        $offset_5 = {A4 89 80 9B C5 0E 3D 39 EB 52 CE B3 FB 35 DF CE}\n        $offset_6 = {A0 45 C9 7A 69 C1 E7 F9 6D 7A E3 A9 F0 91 C2 12}\n    condition:\n        $offset_1 and $offset_2 and $offset_3 and $offset_4 and $offset_5 and $offset_6\n        \n\n}\nrule rule_RE_364743735152\n{\n    meta:\n        author = \"ricky!\"\n        name = \"MATCH REVERSED ENGINE\"\n        severity = \"severe\"\n\n    strings:\n        $offset_1 = {CA FF 83 FA 0A 73 48 43 8D 04 92 41 B0 01 44 8D}\n        $offset_2 = {8B CE 4C 33 0A 41 8B C8 49 D3 C9 48 8B 42 08 48}\n        $offset_3 = {49 8B CE FF 15 0F 35 00 00 48 8B D3 48 8B CE 41}\n        $offset_4 = {E2 F6 C3 56 10 A3 0C 3E FB 08 9C 62 70 28 3D 3E}\n        $offset_5 = {2F E4 E7 AE FE F7 F6 08 53 38 10 F7 D1 26 7B C7}\n        $offset_6 = {EF 9B 3D FE 0E B8 64 2A FA 75 28 24 41 ED 42 BF}\n    condition:\n        $offset_1 and $offset_2 and $offset_3 and $offset_4 and $offset_5 and $offset_6\n        \n\n}\n\nrule rule_RE_3647753437\n{\n    meta:\n        author = \"ricky!\"\n        name = \"MATCH REVERSED ENGINE\"\n        severity = \"severe\"\n\n    strings:\n        $offset_1 = {00 9C 76 47 00 00 10}\n        $offset_2 = {66 80 57 25 EB}\n        $offset_3 = {29 9E D1 DB BD 40}\n        $offset_4 = {A3 C6 20 96 AD 93 29 4D 6A}\n        $offset_5 = {29 3D CA CD 10 ED}\n        $offset_6 = {D1 AA 81 E3 55 C2}\n    condition:\n        $offset_1 at 0x23F and $offset_2 at 0x49F and $offset_3 at 0x4B4 and $offset_4 at 0x4C4 and $offset_5 at 0x4D4 and $offset_6 at 0x4E3\n        \n\n}\nrule rule_XE_364746523\n{\n    meta:\n        author = \"ricky!\"\n        name = \"MATCH XENON\"\n        severity = \"severe\"\n\n    strings:\n        $offset_1 = {4A F1 17 7A A7 7A 4B B1 3E 2E 8B E3 5A EF 56 38}\n        $offset_2 = {07 7E C5 58 99 DE 43 A0 D2 00 E9 1E 19 DF 88 F4}\n        $offset_3 = {00 D7 FB C8 58 AC 14 02 8D CA AF 98 0B 73 00 BF}\n        $offset_4 = {64 53 3F EF C5 C4 BE 82 4F F8 AA 21 33 B1 14 BD}\n        $offset_5 = {05 B6 72 8F 06 BC 30 E8 1B 01 3D 00 62 D3 63 A1}\n        $offset_6 = {EE 4A A7 AF 01 B2 4E 76 B0 48 B9 8E 94 3E C0 71}\n    condition:\n        $offset_1 and $offset_2 and $offset_3 and $offset_4 and $offset_5 and $offset_6\n        \n\n}\n\nrule rule_XE_3647757432\n{\n    meta:\n        author = \"ricky!\"\n        name = \"MATCH XENON\"\n        severity = \"severe\"\n\n    strings:\n        $offset_1 = {0A BF F5 58 E9 B8}\n        $offset_2 = {BF F5 48 96 69}\n        $offset_3 = {FF 05 BE FA C5 60}\n        $offset_4 = {69 16 F9 CD B8 ED}\n        $offset_5 = {01 8D 45 85 3D 94}\n        $offset_6 = {EA 92 17 C5 F4 48 52}\n    condition:\n        $offset_1 at 0x538 and $offset_2 at 0x545 and $offset_3 at 0x561 and $offset_4 at 0x57B and $offset_5 at 0x58D and $offset_6 at 0x5B6\n        \n\n}\nrule rule_ES_412226\n{\n    meta:\n        author = \"ricky!\"\n        name = \"ESCAPE service\"\n        severity = \"severe\"\n\n    strings:\n        $offset_1 = {B6 54 5E 87 D3 84 BF 87 B8 F8 71 8C 29 85 95 C7}\n        $offset_2 = {07 4C EA 5C EA 21 7A FE B8 84 F3 73 F7 8B 8F 51}\n        $offset_3 = {68 A0 AB 81 56 90 1F 3E 25 23 D2 4F EA BA 36 F5}\n        $offset_4 = {EE A2 2C B4 6C F2 3C 87 5B FA 9A A4 DB AE 83 BA}\n        $offset_5 = {E3 58 F6 E9 0B EA 66 3A 96 5F AA 0E BC 3D E4 E8}\n        $offset_6 = {6C 29 91 F0 2D 7C EB A7 AB B3 0D 82 0B 4D FD D3}\n    condition:\n        $offset_1 and $offset_2 and $offset_3 and $offset_4 and $offset_5 and $offset_6\n        \n}\n\nrule rule_ES_412352\n{\n    meta:\n        author = \"ricky!\"\n        name = \"ESCAPE service\"\n        severity = \"severe\"\n\n    strings:\n        $offset_1 = {8A C1 E5 35 F7 82 5A F4 B9 48 DA D9 E0 37 54 36}\n        $offset_2 = {5A C0 38 13 FD 81 E5 EC F8 8E 34 7D 57 0B C2 73}\n        $offset_3 = {BD 2E 59 C0 54 21 5B 83 C5 BE A3 76 BE 73 F2 F3}\n        $offset_4 = {B9 8E BF 99 47 59 BE E5 FB DF 73 B5 9D 57 F4 42}\n        $offset_5 = {13 B8 B2 AA 72 62 A8 09 7E B0 76 43 53 00 BB BE}\n        $offset_6 = {00 45 F7 00 94 3D F1 0F C3 80 21 D2 7D AD 3C B9}\n    condition:\n        $offset_1 and $offset_2 and $offset_3 and $offset_4 and $offset_5 and $offset_6\n        \n}\n\nrule rule_ES_4127858\n{\n    meta:\n        author = \"ricky!\"\n        name = \"ESCAPE service\"\n        severity = \"severe\"\n\n    strings:\n        $offset_1 = {68 69 73 20 70}\n        $offset_2 = {64 65 2E 0D 0D 0A 24 00}\n        $offset_3 = {00 A7 7D 02 88 0A}\n        $offset_4 = {18 91 51 01 94 02}\n        $offset_5 = {C0 92 45 01 28 00 00}\n        $offset_6 = {00 90 14 00 00 00}\n    condition:\n        $offset_1 at 0x4F and $offset_2 at 0x72 and $offset_3 at 0x120 and $offset_4 at 0x110 and $offset_5 at 0x150 and $offset_6 at 0x1BC\n        \n\n}\n\nrule rule_ES_41263232\n{\n    meta:\n        author = \"ricky!\"\n        name = \"ESCAPE service\"\n        severity = \"warning\"\n\n    strings:\n        $offset_1 = {F0 9F 93 9C 20 43 6F 6D 65 20 69 6E 73 74 61 6C 6C 61 72 65 20 69 6C 20 6D 65 6E 75}\n        $offset_2 = {72 6D 6F 0D 0A 4E 6F 6E 20 69 6D 70 6F 73 74 61 72 65 20 47 54 41 20 69 6E 20 6D 6F 64 61 6C 69 74 C3 A0 20 65 73 63 6C 75 73 69 76 61 20 61 20 73 63 68 65 72 6D 6F 20 69 6E 74 65 72 6F 3B 20}\n        $offset_3 = {44 69 73 69 6E 73 74 61 6C 6C 61 20 52 69 6F 74 20 56 61 6E 67 75 61 72 64 0D 0A 44 69 73 69 6E}\n        $offset_4 = {53 65 20 69 6E 63 6F 6E 74 72 69 20 70 72 6F 62 6C 65 6D 69 2C 20 63 6F 6E 74 61 74 74 61 20 69 6C 20 73 75 70 70 6F 72 74 6F 2E}\n        $offset_5 = {65 78 74 72 61 20 74 72 61 6D 69 74 65 20 69 6C 20 54 61 73 6B 20 4D 61 6E 61 67 65 72 2E}\n        $offset_6 = {6E 74 65 20 69 6C 20 74 75 6F 20 61 6E 74 69 76 69 72 75 73 20 65 20 64 69 73 69 6E 73 74 61 6C 6C 61 20 71 75 61 6C 73 69 61 73 69 20 73 6F 66 74 77 61 72 65 20 61 6E 74 69 76 69 72}\n    condition:\n        $offset_1 and $offset_2 and $offset_3 and $offset_4 and $offset_5 and $offset_6\n        \n}\n\nrule rule_ES_412325321\n{\n    meta:\n        author = \"ricky!\"\n        name = \"ESCAPE service\"\n        severity = \"warning\"\n\n    strings:\n        $offset_1 = {F0 9F 93 9C 20 48 6F 77 20 74 6F 20 49 6E 73 74 61 6C 6C 20 74 68 65 20 4D 65 6E 75 0D 0A}\n        $offset_2 = {0D 0A 31 2E 20 44 69 73 61 62 6C 65 20 41 6E 74 69 76 69 72 75 73 0D 0A 43 6F 6D 70 6C 65 74 65 6C 79 20 64 69 73 61 62 6C 65 20 79 6F 75 72 20 61 6E 74 69 76 69 72 75 73}\n        $offset_3 = {6F 75 20 68 61 76 65 20 6F 6E 20 79 6F 75 72 20 50 43 2E 0D 0A 4F 6E 63 65 20 74 68 65 20 64 65 66 61 75 6C 74 20 57 69 6E 64 6F 77 73 20 44 65 66 65 6E 64 65 72 20 69 73 20 64 69 73 61 62 6C 65 64 2C 20 63 6F 6D 70 6C 65 74 65 6C}\n        $offset_4 = {6C 6F 73 65 20 74 68 65 20 65 78 74 72 61 20 70 72 6F 63 65 73 73 65 73 20 75 73 69 6E 67 20 54 61 73 6B 20 4D 61 6E 61 67 65 72 2E}\n        $offset_5 = {73 63 72 65 65 6E 20 6D 6F 64 65 20 69 6E 73 74 65 61 64 2E 0D 0A 34 2E 20 44 69 73 61 62 6C 65 20 43 6F 72 65 20 49 73 6F 6C 61 74 69 6F 6E 0D 0A 4D 61 6B 65 20 73 75 72 65}\n        $offset_6 = {68 65 20 70 61 73 73 77 6F 72 64 20 74 6F 20 65 78 74 72 61 63 74 20 74 68 65 20 66 69 6C 65 73 20 69 73 20 65 73 63 61 70 65}\n    condition:\n        $offset_1 and $offset_2 and $offset_3 and $offset_4 and $offset_5 and $offset_6\n        \n}\n\nrule rule_ES_41223526\n{\n    meta:\n        author = \"ricky!\"\n        name = \"ESCAPE service\"\n        severity = \"warning\"\n\n    strings:\n        $offset_1 = {46 69 78 20 45 72 72 6F 73 20 43 6F 6D 75 6E 69 0D 0A 50 65 72 20 72 69 73 6F 6C 76 65 72 65 20}\n        $offset_2 = {63 68 65 72 6D 6F 2E 0D 0A 0D 0A 49 6E 73 74 61 6C 6C 61 20 69 20 64 75 65 20 66 69 6C 65 20 6E}\n        $offset_3 = {6F 20 61 76 65 72 20 65 73 65 67 75 69 74 6F 20 46 69 78 20 56 69 73 75 61 6C 20 43 2B 2B 2E 42 41 54 20 65 20 69 6E 73 74 61 6C 6C 61 74 6F 20 69 20 64 75 65 20 66 69 6C 65 20 6D 65 6E}\n        $offset_4 = {2E 42 41 54 20 63 6F 6D 65 20 61 6D 6D 69 6E 69 73 74 72 61 74 6F 72 65 3A 0D 0A 31 2E 20 54 72 6F 76 61 20 69 6C 20 66 69 6C 65 20 46 69 78 20}\n        $offset_5 = {38 41 34 45 31 38 43 34 43 2F 64 78 77 65 62 73 65 74 75 70 2E 65 78 65 29 0D 0A 20 20 20 2D 20 45 73 65 67 75 69 20 69 6C 20 70 72 6F 67 72 61 6D 6D 61 20 64 69 20 69 6E 73 74 61 6C 6C 61 7A}\n        $offset_6 = {61 6C 6C 61 7A 69 6F 6E 65 2E 0D 0A 0D 0A 50 72 6F 76 61 20 64 69 20 6E 75 6F 76 6F 3A 0D 0A 44 6F 70 6F 20 61 76 65 72 20 65 73 65 67 75 69 74 6F 20 46 69 78 20 56 69 73 75 61 6C 20 43 2B 2B 2E 42 41 54 20 65 20 69 6E 73 74 61 6C 6C 61 74 6F 20 69 20 64 75 65 20 66 69 6C 65 20 6D 65 6E}\n    condition:\n        $offset_1 and $offset_2 and $offset_3 and $offset_4 and $offset_5 and $offset_6\n        \n}\n\nrule rule_ES_4123532\n{\n    meta:\n        author = \"ricky!\"\n        name = \"ESCAPE service\"\n        severity = \"warning\"\n\n    strings:\n        $offset_1 = {3A 26 E6 25 B3 73 E7 36 97 4F 15 19 D3 D3 D3 31}\n        $offset_2 = {B0 DC A5 B1 FE A5 C8 E5 2C 39 82 E3 8E 3B D6 26}\n        $offset_3 = {22 53 1E 8A 66 99 B1 AB F4 98 4B 8E AD 5E 1D 27}\n        $offset_4 = {A4 E5 E5 47 27 5A FD 99 1A 12 9F FB 6D 75 CD B3}\n        $offset_5 = {F2 C9 6C D2 72 0A A0 A4 8E 8B 2C 7D 54 3A 70 7B}\n        $offset_6 = {0A FC 9D AF 2C 8C CE 21 F2 9C 76 B9 4C 7C 69 43}\n    condition:\n        $offset_1 and $offset_2 and $offset_3 and $offset_4 and $offset_5 and $offset_6\n        \n}\n\nrule rule_ES_41222612266\n{\n    meta:\n        author = \"ricky!\"\n        name = \"ESCAPE service\"\n        severity = \"warning\"\n\n    strings:\n        $offset_1 = {68 74 74 70 73 3A 2F 2F 64 69 73 63 6F 72 64 2E 67 67 2F 65 73 63 61 70 65 73 65 72 76 69 63 65}\n        $offset_2 = {6C 6C 61 2E 2E 2E 0D 0A 72 69 61 76 76 69 61}\n        $offset_3 = {72 65 20 6C 65 20 61 6C 74 72 65 20 63 61 72 74}\n        $offset_4 = {6E 6F 6E 20 73 69 20 C3 A8 20 72 69 73 6F 6C 74}\n        $offset_5 = {41 70 72 69 3A 20 64 78 77 65 62 73 65 74 75 70}\n        $offset_6 = {6E 6F 6E 20 73 69 20 C3 A8 20 72 69 73 6F 6C 74 6F 2E 20 0D 0A 0D 0A 44 69 73 63 6F 72 64 20 70 65 72 20 75 6C 74 65 72 69 6F 72 65 20 73 75 70 70 6F 72 74 6F 3A 20 68 74 74 70 73 3A 2F 2F}\n    condition:\n        $offset_1 and $offset_2 and $offset_3 and $offset_4 and $offset_5 and $offset_6\n        \n}\n\nrule rule_ES_41223326\n{\n    meta:\n        author = \"ricky!\"\n        name = \"ESCAPE service\"\n        severity = \"warning\"\n\n    strings:\n        $offset_1 = {88 58 84 5F 23 D4 9D 8C 6B 76 59 28 99 56 1E CA}\n        $offset_2 = {C7 42 EB F9 FC B2 D0 F3 07 22 8A D6 A3 EF 40 96}\n        $offset_3 = {5F 5B 61 B1 77 94 5E 36 C9 4D 95 03 60 A4 1E BD}\n        $offset_4 = {0C 7D 85 6D D0 22 20 DC AE DA A0 B8 BE 27 2B 1F}\n        $offset_5 = {BD 37 37 B7 85 AA BC DD 3E DF B9 3D 7B 08 E5 9D}\n        $offset_6 = {E9 0C 57 77 72 25 27 AF 34 47 D8 C3 2D 66 A2 0F}\n    condition:\n        $offset_1 and $offset_2 and $offset_3 and $offset_4 and $offset_5 and $offset_6\n        \n}\n\nrule rule_ES_4122366422\n{\n    meta:\n        author = \"ricky!\"\n        name = \"ESCAPE service\"\n        severity = \"warning\"\n\n    strings:\n        $offset_1 = {61 64 2F 76 69 73 75 61 6C 2D 63 2D 72 65 64 69}\n        $offset_2 = {31 39 5F 32 30 32 32 5F 78 38 36 2E 65 78 65 20}\n        $offset_3 = {0D 0A 3A 45 4E 44 0D 0A 0D 0A 65 63 68 6F 2E 0D}\n        $offset_4 = {77 61 69 74 20 76 63 72 65 64 69 73 74 32 30 30}\n        $offset_5 = {45 53 53 4F 52 5F 41 52 43 48 49 54 45 43 54 55}\n        $offset_6 = {50 6F 77 65 72 55 70 0D 0A 65 63 68 6F 20 68 74}\n    condition:\n        $offset_1 and $offset_2 and $offset_3 and $offset_4 and $offset_5 and $offset_6\n        \n}\n\nrule rule_ES_412235236\n{\n    meta:\n        author = \"ricky!\"\n        name = \"ESCAPE service\"\n        severity = \"warning\"\n\n    strings:\n        $offset_1 = {53 65 20 69 6C 20 74 75 6F 20 6D 65 6E C3 B9 20}\n        $offset_2 = {6C 6F 3A 0D 0A 2D 20 52 69 61 76 76 69 61 20 69}\n        $offset_3 = {22 20 43 4F 4D 45 20 41 4D 4D 49 4E 49 53 54 52}\n        $offset_4 = {65 20 72 65 69 6E 6A 65 63 74 61 20 61 6C 6C 27}\n        $offset_5 = {6C 74 72 65 20 63 61 72 74 65 6C 6C 65 20 64 65}\n        $offset_6 = {70 73 3A 2F 2F 64 69 73 63 6F 72 64 2E 67 67 2F 65 73 63 61 70 65 73 65 72 76 69 63 65}\n    condition:\n        $offset_1 and $offset_2 and $offset_3 and $offset_4 and $offset_5 and $offset_6\n        \n}\n\nrule rule_ES_41223562\n{\n    meta:\n        author = \"ricky!\"\n        name = \"ESCAPE service\"\n        severity = \"warning\"\n\n    strings:\n        $offset_1 = {74 68 65 20 69 73 73 75 65 2C 20 66 6F 6C 6C 6F}\n        $offset_2 = {73 2C 20 74 72 79 20 61 67 61 69 6E 20 74 6F 20}\n        $offset_3 = {73 74 61 6C 6C 61 74 69 6F 6E 2E 0D 0A 64 78 77}\n        $offset_4 = {61 6C 20 43 2B 2B 2E 42 41 54 20 61 6E 64 20 69}\n        $offset_5 = {3A 2F 2F 64 69 73 63 6F 72 64 2E 67 67 2F 65 73 63 61 70 65 73 65 72 76 69 63 65}\n        $offset_6 = {46 69 78 20 43 6F 6D 6D 6F 6E 20 45 72 72 6F 72 73 0D 0A 0D 0A 54 6F 20 72 65 73 6F 6C 76 65 20 74 68 65 20 69 73 73 75 65 2C 20 66 6F 6C 6C 6F 77 20 74 68 65 20 73 74 65 70 73 20 62 65 6C 6F}\n    condition:\n        $offset_1 and $offset_2 and $offset_3 and $offset_4 and $offset_5 and $offset_6\n\n}\n\nrule rule_ES_41232562\n{\n    meta:\n        author = \"ricky!\"\n        name = \"ESCAPE service\"\n        severity = \"warning\"\n\n    strings:\n        $offset_1 = {4F 70 65 6E 3A 20 64 78 77 65 62 73 65 74 75 70}\n        $offset_2 = {2E 65 78 65 20 2C 20 56 43 5F 72 65 64 69 73}\n        $offset_3 = {75 72 20 70 63 2E}\n        $offset_4 = {65 20 72 65 69 6E 6A 65 63 74 61 20 61 6C 6C 27}\n        $offset_5 = {6C 20 61 6E 64 20 72 65 73 74 61 72 74 20 79 6F}\n        $offset_6 = {2E 78 36 34 2E 65 78 65 2C 20 69 6E 73 74 61 6C}\n    condition:\n        $offset_1 and $offset_2 and $offset_3 and $offset_4 and $offset_5 and $offset_6\n        \n}\n\nrule rule_ES_41223521\n{\n    meta:\n        author = \"ricky!\"\n        name = \"ESCAPE service\"\n        severity = \"warning\"\n\n    strings:\n        $offset_1 = {49 66 20 79 6F 75 72 20 6D 65 6E 75 20 61 75 74}\n        $offset_2 = {6C 66 3A 0D 0A 0D 0A 2D 52 65 73 74 61 72 74}\n        $offset_3 = {4E 53 54 41 4C 4C 0D 0A 2D 4F 70 65 6E 20 22 69}\n        $offset_4 = {0D 0A 2D 4C 65 74 20 74 68 65 20 69 6E 73 74 61}\n        $offset_5 = {21 0D 0A 0D 0A 59 6F 75 20 63 61 6E 20 61 6C 73}\n        $offset_6 = {73 3A 2F 2F 64 69 73 63 6F 72 64 2E 67 67 2F 65 73 63 61 70 65 73 65 72 76 69 63 65}\n    condition:\n        $offset_1 and $offset_2 and $offset_3 and $offset_4 and $offset_5 and $offset_6\n        \n}\n\nrule rule_LV_3264575472\n{\n    meta:\n        author = \"ricky!\"\n        name = \"LAVENDETTA MATCH\"\n        severity = \"severe\"\n\n    strings:\n        $offset_1 = {5C A5 F0 09 47 12 C6 39 1A 71 A3 A7 04 BA 96 07}\n        $offset_2 = {61 B1 AC 51 05 23 D4 1C D8 85 A4 AE D4 4C 84 06}\n        $offset_3 = {1C A1 83 39 18 CF F0 19 20 86 85 B2 FC E8 87 FF}\n        $offset_4 = {DF 0C F9 14 F2 74 6A 07 2F BD A0 EA 80 0E 12 09}\n        $offset_5 = {5B EB 94 0B 24 31 64 66 72 48 AB DB F8 A9 F3 2C}\n        $offset_6 = {4D BE 3D 92 3C DD 64 C9 55 8C A4 06 60 DB 04 D5}\n    condition:\n        $offset_1 and $offset_2 and $offset_3 and $offset_4 and $offset_5 and $offset_6\n        \n}\n\nrule rule_LV_326436462\n{\n    meta:\n        author = \"ricky!\"\n        name = \"LAVENDETTA MATCH\"\n        severity = \"severe\"\n\n    strings:\n        $offset_1 = {ED 8B 61 24 5A 1E 91 F8 14 F8 B1 2D EA 89 69 CB}\n        $offset_2 = {25 B6 42 6B 4E 0E 43 53 DB 94 F1 17 A9 37 5C 33}\n        $offset_3 = {AC 2A C6 22 39 41 C0 19 5B E5 3C 9D 64 83 25 EB}\n        $offset_4 = {48 B2 60 8B 53 82 83 74 A4 C3 91 59 C7 8C 4C 7B}\n        $offset_5 = {E1 A7 A3 0F BB 62 88 67 E8 3C 3C E0 D5 7E 2D 73}\n        $offset_6 = {DE 70 B0 D7 00 E5 2C 5A E4 54 54 11 68 CF EF D0}\n    condition:\n        $offset_1 and $offset_2 and $offset_3 and $offset_4 and $offset_5 and $offset_6\n        \n}\n\nrule rule_LV_32643436\n{\n    meta:\n        author = \"ricky!\"\n        name = \"LAVENDETTA MATCH\"\n        severity = \"severe\"\n\n    strings:\n        $offset_1 = {3C 51 B7 E5 18 11 B7 78 39 B1 7E CB 8D 22 3C 85}\n        $offset_2 = {C5 07 94 B2 33 F5 CC 05 38 D3 EC 08 9C 7F 57 D2}\n        $offset_3 = {92 74 F5 BA 3A 4F 5B 60 EB 72 31 91 1E 05 04 CA}\n        $offset_4 = {A0 FE 2B F0 65 C7 06 63 66 56 52 FA 1A 50 7D 40}\n        $offset_5 = {B8 E7 77 A9 B3 1E 12 1E 1C F2 82 E3 5F 21 F1 9F}\n        $offset_6 = {E1 E4 E8 6E 88 92 C9 53 E0 6E DF A8 44 E4 58 E3}\n    condition:\n        $offset_1 and $offset_2 and $offset_3 and $offset_4 and $offset_5 and $offset_6\n        \n}\n\nrule rule_TZX_3264346342\n{\n    meta:\n        author = \"ricky!\"\n        name = \"TZX MATCH\"\n        severity = \"severe\"\n\n    strings:\n        $offset_1 = {6B 11 86 A3 06 FE EC 2B 4C 39 85 70 76 69 75 96}\n        $offset_2 = {7B 51 50 DE 0F E3 AA 49 2F 7A 8F B4 40 EF 11 2B}\n        $offset_3 = {03 73 59 62 23 19 76 D4 39 FE 9C 28 DF 36 AF 8E}\n        $offset_4 = {42 42 9D 7F 74 C8 E8 83 82 C5 E3 5B 37 6F 40 BE}\n        $offset_5 = {2B CB 9E E9 5D 53 F4 FF 44 24 D4 EF 72 86 A1 54}\n        $offset_6 = {52 73 6F D4 FE AB 5B 91 3B 10 2D 3E 1F AB EF A4}\n    condition:\n        $offset_1 and $offset_2 and $offset_3 and $offset_4 and $offset_5 and $offset_6\n        \n}\n\nrule rule_TZX_32584743634\n{\n    meta:\n        author = \"ricky!\"\n        name = \"TZX MATCH\"\n        severity = \"severe\"\n\n    strings:\n        $offset_1 = {34 EE AD 99 F7 8F 52 C1 64 41 0F 1B F3 24 C1 26}\n        $offset_2 = {81 53 DD 9A C4 19 DE E5 1A 35 21 CB 16 65 76 AA}\n        $offset_3 = {ED 47 E7 AA 14 28 2E 9D 33 2A F8 10 5E 7F 00 11}\n        $offset_4 = {21 5B 47 5A B5 99 1F 65 F7 DB 49 DB 6D 22 F1 27}\n        $offset_5 = {C4 19 2F BD 23 5B D5 3C 73 91 C0 A2 7B 77 BA 97}\n        $offset_6 = {C3 87 67 47 BE 3C 30 36 11 BB BC DA AF 5F BD BC}\n    condition:\n        $offset_1 and $offset_2 and $offset_3 and $offset_4 and $offset_5 and $offset_6\n        \n}\n\nrule rule_TZX_3264264646\n{\n    meta:\n        author = \"ricky!\"\n        name = \"TXZ MATCH\"\n        severity = \"severe\"\n\n    strings:\n        $offset_1 = {D9 4C EE CC B6 D2 A9 1E DE FA 0F 48 B2 6E AA A1}\n        $offset_2 = {7D F4 15 F2 CC C5 3D A6 A2 6A 96 62 D9 86 A5 31}\n        $offset_3 = {C3 9C 56 FA B7 69 87 7C 43 71 41 90 B6 4A 14 D8}\n        $offset_4 = {F5 49 E2 5C 72 A6 D4 53 D3 2C A0 FC D8 6E CE 5C}\n        $offset_5 = {06 1A F8 D2 26 8C C1 74 A0 C4 7A AA F1 B8 18 66}\n        $offset_6 = {C2 44 3B CD E9 96 27 FD FF 8B 13 48 C1 D5 82 66}\n    condition:\n        $offset_1 and $offset_2 and $offset_3 and $offset_4 and $offset_5 and $offset_6\n        \n}\n\nrule rule_TZX_326486743\n{\n    meta:\n        author = \"ricky!\"\n        name = \"TZX MATCH\"\n        severity = \"severe\"\n\n    strings:\n        $offset_1 = {27 52 70 EE C9 9D AB 91 EF 45 B1 DD 6F EE F9 3B}\n        $offset_2 = {30 5C A7 FE 74 96 C4 53 7F D5 A2 FD B3 00 D2 7C}\n        $offset_3 = {2C D9 45 31 12 E5 7D E6 93 96 70 AB 6A 62 D9 2D}\n        $offset_4 = {0F 8A 51 85 54 F6 71 21 94 D8 49 AB 7C 12 E7 F8}\n        $offset_5 = {A6 D1 45 05 F7 85 42 B7 04 61 DA C5 63 29 B4 78}\n        $offset_6 = {C7 48 96 52 45 12 64 9C A9 93 F9 4A 32 10 8B 01}\n    condition:\n        $offset_1 and $offset_2 and $offset_3 and $offset_4 and $offset_5 and $offset_6\n        \n}\n\nrule rule_TZX_32643446432\n{\n    meta:\n        author = \"ricky!\"\n        name = \"TZX MATCH\"\n        severity = \"severe\"\n\n    strings:\n        $offset_1 = {E2 52 BF DB B7 E3 51 41 1C DF D1 A5 40 F3 BE E5}\n        $offset_2 = {65 AC 36 3A 7A 15 DC 97 DE 6F D3 1F 82 FA 72 E4}\n        $offset_3 = {55 E6 29 49 B2 5B F7 C1 72 82 2B 93 30 F3 3D 66}\n        $offset_4 = {1F F6 0C 67 E2 93 64 BD 84 45 46 24 77 B7 79 08}\n        $offset_5 = {AB E5 56 D4 30 53 1A 5F F9 AE 5C 1A 40 9E 4B 5F}\n        $offset_6 = {2E 20 A8 6C C2 55 72 BE D9 BD C1 44 12 F8 3C D2}\n    condition:\n        $offset_1 and $offset_2 and $offset_3 and $offset_4 and $offset_5 and $offset_6\n        \n}\n\nrule rule_TZX_3264898326753\n{\n    meta:\n        author = \"ricky!\"\n        name = \"TXZ MATCH\"\n        severity = \"severe\"\n\n    strings:\n        $offset_1 = {00 E7 B5 FB 59 4D 5B E2 C9 5C 6F 15 9E D5 73 19}\n        $offset_2 = {FE 73 FC F5 CC 8A C2 27 D9 D4 C4 D7 79 24 1B 5B}\n        $offset_3 = {3D 46 BD 58 0F 44 1E DA B8 82 35 BF 02 A7 77 1F}\n        $offset_4 = {3F 2E 5D 51 F3 F1 7A 7C EE 71 DF CA F4 27 9C 79}\n        $offset_5 = {7C 5E A5 08 0C 0B 0B 07 5B 93 6C 94 CF FA 8D A9}\n        $offset_6 = {2F B1 CF 4C 15 B5 E6 F1 CC 6C 3C 87 95 C1 EE 3B}\n    condition:\n        $offset_1 and $offset_2 and $offset_3 and $offset_4 and $offset_5 and $offset_6\n        \n}\n\nrule rule_BPG_32643446432\n{\n    meta:\n        author = \"ricky!\"\n        name = \"Bypass Generico\"\n        severity = \"severe\"\n\n    strings:\n        $offset_1 = {F2 CA 05 46 27 F5 4E 3E F8 1A D1 75 F2 42 64 0D}\n        $offset_2 = {02 D9 4D 9D B7 D4 61 36 5F 88 B2 D1 78 21 F3 E7}\n        $offset_3 = {27 B5 A0 5A 81 8B DE DD F9 12 99 9B C8 AC 69 CD}\n        $offset_4 = {ED 55 02 C0 5E 57 04 40 D8 4E 5E 75 EF F7 FE 73}\n        $offset_5 = {12 E0 6A E8 52 AB A7 8F 2F CD 88 57 2A 8E 28 71}\n        $offset_6 = {FC 49 01 EA 4C 0A 05 E2 87 6E 84 A3 55 34 B0 83}\n    condition:\n        $offset_1 and $offset_2 and $offset_3 and $offset_4 and $offset_5 and $offset_6\n        \n}\n\nrule rule_BPG_3264898326753\n{\n    meta:\n        author = \"ricky!\"\n        name = \"Bypass Generico MATCH\"\n        severity = \"severe\"\n\n    strings:\n        $offset_1 = {C2 6E 98 E5 19 CE EF 4E D5 8A 79 B5 EE D1 B1 ED}\n        $offset_2 = {EF A6 F6 B4 D7 DE 2D CF 2C 44 F5 EE F5 98 6C D7}\n        $offset_3 = {E7 AE 02 DD 75 EB 34 E6 78 23 C1 5E 00 D2 FB 8D}\n        $offset_4 = {99 A9 91 2A 29 E1 FF B7 C6 A7 25 79 A5 93 C5 1C}\n        $offset_5 = {E4 BC CF 2C 12 96 04 27 06 70 4F 5A C6 8B BD 3D}\n        $offset_6 = {6B 1F A1 90 EA 40 BE 66 0D E8 C3 24 22 F6 CC D3}\n    condition:\n        $offset_1 and $offset_2 and $offset_3 and $offset_4 and $offset_5 and $offset_6\n        \n}\n\nrule rule_BPG_32643sagasyeu\n{\n    meta:\n        author = \"ricky!\"\n        name = \"Bypass Generico\"\n        severity = \"severe\"\n\n    strings:\n        $offset_1 = {A3 BC 59 56 ED 45 F0 5A B2 97 36 A8 5A 88 A4 9B}\n        $offset_2 = {D1 3A 8D 76 9F 90 DB 3D 37 19 54 B5 4F 78 D1 34}\n        $offset_3 = {5C 49 95 EB FE D7 81 07 91 A2 59 21 BD 6D F2 6A}\n        $offset_4 = {BB 42 AA E7 38 37 77 D7 BA 68 06 A9 33 7F 8B 47}\n        $offset_5 = {54 81 96 28 33 20 F9 1A 25 87 2A 0B 96 1A D7 1C}\n        $offset_6 = {7E 9E EF 6E BB DE AC C4 E5 85 7D A7 67 11 A2 80}\n    condition:\n        $offset_1 and $offset_2 and $offset_3 and $offset_4 and $offset_5 and $offset_6\n        \n}\n\nrule rule_BPG_3264dshdsfnggfy4w654646\n{\n    meta:\n        author = \"ricky!\"\n        name = \"Bypass Generico\"\n        severity = \"severe\"\n\n    strings:\n        $offset_1 = {D3 FE EE 0C 48 DA EA FB 29 28 39 2D AB F7 D7 96}\n        $offset_2 = {05 36 55 E5 29 FC 25 0E EB B9 6D 50 67 FB 2D EF}\n        $offset_3 = {BC 39 47 44 A8 A1 F5 77 7D DA 59 C2 64 69 E4 D0}\n        $offset_4 = {73 34 F5 3C 29 E1 52 84 BF ED 0A B5 A4 D7 1E 88}\n        $offset_5 = {30 82 6D 68 96 3E 6F 71 2E E1 06 39 81 43 41 BE}\n        $offset_6 = {59 89 F6 54 C3 40 89 0C 2A A3 D6 02 8A 05 96 4A}\n    condition:\n        $offset_1 and $offset_2 and $offset_3 and $offset_4 and $offset_5 and $offset_6\n        \n}\n\nrule rule_Ovr_6956745354623\n{\n    meta:\n        author = \"0ricky.\"\n        name = \"MATCH OverRide\"\n        severity = \"severe\"\n\n    strings:\n        $hex_1 = {43 72 61 73 68 44 75 6D 70 45 6E 61 62 6C 65 64 20 20 20 20 52 45 47 5F 44 57 4F 52 44 20 20 20 20 30 78 30}\n      \t$hex_2 = {4C 6F 67 45 76 65 6E 74 20 20 20 20 52 45 47 5F 44 57 4F 52 44 20 20 20 20 30 78 30}\n    condition:\n        $hex_1 and $hex_2\n\n}\n\nrule rule_INF_54856243626\n{\n    meta:\n        author = \"ricky!\"\n        name = \"MATCH INFINITY BOOTKIT BAN!\"\n        severity = \"severe\"\n\n    strings:\n        $hex_1 = {82 19 3A 3B 3C D5 3E 00 40 41 42 43 44 45 3E 00 A5 49 15 D8 52 55 D3 B6 50 19 28 31 DA D2 DF 4E}\n        $hex_2 = {6A 4C 54 4F 55 50 5B 7D 32 2E 29 26 36 45 00 00 5C 4E 57 15 59 45 5B 3F 5B 4D 5C 56 53 53 10 5A 38 24 42}\n        $hex_3 = {7A 38 BC AE BC 62 4B 06 15 67 1B AD 02 2E 65 B5 21 98 FC 06 EB 54 CF F2 4E C7 5B 05 55 18 E1 41}\n    condition:\n        $hex_1 and $hex_2 and $hex_3\n\n}\n\nrule rule_INF_6957343545484\n{\n    meta:\n        author = \"0ricky.\"\n        name = \"MATCH INFINITY\"\n        severity = \"severe\"\n\n    strings:\n        $hex_1 = {53 00 62 00 61 00 74 00 4C 00 65 00 76 00 65 00 6C 00 73 62 61 74}\n    condition:\n        $hex_1\n\n}\n\nrule rule_INF_944223635325\n{\n    meta:\n        author = \"0ricky.\"\n        name = \"MATCH INFINITY\"\n        severity = \"severe\"\n\n    strings:\n        $hex_1 = {67 00 72 00 75 00 62 00 78 00 36 00 34 00 2E 00 65 00 66 00 69}\n    condition:\n        $hex_1\n\n}\n\nrule rule_Infinity_fhjdsh3524675373\n{\n    meta:\n        author = \"0ricky.\"\n        name = \"MATCH INFINITY BOOTKIT BAN!\"\n        severity = \"severe\"\n\n    strings:\n    $hex_1 = {64 00 6B 00 5F 00 5C 00 55 00 4E 00 4A 00 4D 00 39 00 1D 00 0F 00 22 00 27 00 2D 00 2F 00 29}\n    $hex_2 = {60 00 61 00 62 00 63 00 64 00 55 00 00 00 00 00 77 00 5B 00 50 00 5E 00 5F 00 49 00 4D 00 3F 00 7C 00 5C 00 49 00 58 00 4E 00 54 00 4E 00 4B 00 29 00 2E 00 2C 00 43 00 6C 00 40 00 4A 00 5E}\n    $hex_3 = {43 00 58 00 0F 00 5A 00 0F 00 0D 00 58 00 5E 00 72 00 6C 00 71 00 27 00 74 00 73 00 6B 00 73 00 2D 00 70 00 2C 00 66 00 2E 00 78 00 28 00 7B 00 7D 00 30 00 62 00 62 00 30 00 33 00 6F 00 33 00}\n\n    condition:\n        $hex_1 and $hex_2 and $hex_3\n\n\n}",
      "name": "rules.yara"
    },
    {
      "content": "{   \n    \"scan_all_drives\": false,\n    \"paths\":[\n      \"Users\\\\<USERNAME>\\\\Downloads\",\n      \"Users\\\\<USERNAME>\\\\Desktop\",\n      \"Users\\\\<USERNAME>\\\\Documents\",\n      \"Users\\\\<USERNAME>\\\\Documenti\",\n      \"$Recycle.Bin\\\\S-1-5-21-902314642-3785300889-2803946316-1000\",\n      \"Windows/Logs/MeasuredBoot\"\n        ]\n}",
      "name": "config.json"
    },
    {
      "content": "\"258d235b9109c7d90516ea94b1a268afd34d9ad1\"\r\n\"430ef7824759dc2295eb6cc5591bf2558c71e350\"\r\n\"e08805278da9e74b8600d962ee4fa12c312563ef\"\r\n\"3a260bf1ccca58fe71fab603b25f1490926a1a30\"\r\n\"2f60e2956284937d7b36ff7c928ea123accb391c\"\r\n\"3a5d011d61193d71376585a4a1c07c92de9e29e2\"\r\n\"4d672ad84e02c4d1e525ab4c90a5b1a911902434\"\r\n\"07e188d6b28fcc2b541ee34336537c401f31fed4\"\r\n\"98839054af71f795961fbffacd43f75b16344fda\"",
      "name": "sha1s.txt"
    },
    {
      "content": "ahcache\nAppinfo\nbam\nBFE\nDiagTrack\nDnscache\nDPS\neventlog\nPcaSvc\nPlugPlay\nSchedule\nSysMain\nWinDefend",
      "name": "se.txt"
    },
    {
      "content": "rule rule_DEF_5635646\r\n{\r\n    meta:\r\n        author = \"ricky!\"\r\n        name = \"ENTRY WINDOWS DEFENDER\"\r\n        severity = \"warning\"\r\n\r\n    strings:\r\n        $string1 = {44 00 45 00 54 00 45 00 43 00 54 00 49 00 4F 00 4E 00 45 00 56 00 45 00 4E 00 54 00}\r\n        \r\n    condition:\r\n        $string1\r\n\r\n}",
      "name": "def.yara"
    },
    {
      "content": "rule rule_PF_4216460\r\n{\r\n    meta:\r\n        author = \"ricky!\"\r\n        name = \"MATCH TZX rule_PF_4216460\"\r\n        severity = \"severe\"\r\n        \r\n    strings:\r\n        $offset_1 = {D8 B7 DB DB E8 A7 CC BB E8 B7 BB CB E8 B7 CB BB}\r\n        $offset_2 = {38 D8 D6 DA CF F1 07 3F 08 B0 42 0A 38 CE C0 4D}\r\n        $offset_3 = {80 2C 05 70 0E 98 B4 40 D0 01 A0 16 02 3B 07 D8}\r\n        $offset_4 = {D9 ED 1D D2 65 0D A4 41 01 00 16 A8 36 00 C4 02}\r\n        $offset_5 = {40 13 02 C8 19 70 4F 20 28 03 00 0A 81 65 0C 44}\r\n    condition:\r\n        $offset_1 and $offset_2 and $offset_3 and $offset_4 and $offset_5\r\n        \r\n}\r\n\r\nrule rule_PF_4216434221\r\n{\r\n    meta:\r\n        author = \"ricky!\"\r\n        name = \"MATCH TZX rule_PF_4216434221\"\r\n        severity = \"severe\"\r\n\r\n    strings:\r\n        $offset_1 = {7E 1E A8 39 D4 3A C5 F0 A0 B5 3A A0 F8 EA 3E 3B}\r\n        $offset_2 = {CF 73 0F 1F 54 07 10 07 C0 AA AC 43 0E 06 58 E4}\r\n        $offset_3 = {DC EE 6E C6 BF 1C 1E F1 F5 A7 DC 81 83 EA 01 D7}\r\n        $offset_4 = {66 68 9E 2A 80 10 0D 0D 00 B0 40 B0 01 20 16 02}\r\n        $offset_5 = {FE 2C 50 6C 00 88 05 C0 0D 01 B2 16 C0 39 60 D0}\r\n    condition:\r\n        $offset_1 and $offset_2 and $offset_3 and $offset_4 and $offset_5\r\n        \r\n}\r\n\r\nrule rule_PF_4216423236\r\n{\r\n    meta:\r\n        author = \"ricky!\"\r\n        description = \"MATCH OLD MXRCY rule_PF_4216423236\"\r\n\r\n    strings:\r\n        $offset_1 = {E0 81 81 1E 1F F0 00 82 82 20 10 84 46 81 40 0A}\r\n        $offset_2 = {9C 28 F8 9D 01 78 06 40 14 83 CF 0A 40 54 60 42}\r\n        $offset_3 = {E6 03 CE 07 9F 0F 62 0E 94 E8 BE 7C A8 70 70 41}\r\n        $offset_4 = {39 D0 74 E0 F6 20 E9 E0 D4 C1 AB 83 C0 07 F0 07}\r\n        $offset_5 = {6D 65 6D 36 85 4C 10 06 7D D9 D5 04 6D 35 CB 68}\r\n    condition:\r\n        $offset_1 and $offset_2 and $offset_3 and $offset_4 and $offset_5\r\n        \r\n}",
      "name": "prefetch.yara"
    },
    {
      "content": "rule rule_evtx_44211\n{\n    meta: \n        author = \"ricky!\"\n        name = \"REGISTRO ELIMINATO BAN! 104\"\n        severity = \"severe\"\n        \n    strings:\n        $offset_1 = \"<EventID>104</EventID>\"\n\n    condition:\n        $offset_1\n    \n}\nrule rule_evtx_447342426\n{\n    meta: \n        author = \"ricky!\"\n        name = \"avviato EventLog 6005\"\n        severity = \"good\"\n        \n    strings:\n        $offset_1 = \"<EventID>6005</EventID>\"\n\n    condition:\n        $offset_1\n    \n}\nrule rule_evtx_442346346\n{\n    meta: \n        author = \"ricky!\"\n        name = \"eventlog fermato 6006\"\n        severity = \"severe\"\n        \n    strings:\n        $offset_1 = \"<EventID>6006</EventID>\"\n\n    condition:\n        $offset_1\n    \n}\nrule rule_evtx_44673743\n{\n    meta: \n        author = \"ricky!\"\n        name = \"JOURNAL ELIMINATI BAN! 3079\"\n        severity = \"severe\"\n        \n    strings:\n        $offset_1 = \"<EventID>3079</EventID>\"\n\n    condition:\n        $offset_1\n    \n}\nrule rule_evtx_4454754742\n{\n    meta: \n        author = \"ricky!\"\n        name = \"Registro chiuso 1100\"\n        severity = \"warning\"\n        \n    strings:\n        $offset_1 = \"<EventID>1100</EventID>\"\n\n    condition:\n        $offset_1\n    \n}\nrule rule_evtx_475478543\n{\n    meta: \n        author = \"ricky!\"\n        name = \"Registro ELIMINATO BAN! 1102\"\n        severity = \"severe\"\n        \n    strings:\n        $offset_1 = \"<EventID>1102</EventID>\"\n\n    condition:\n        $offset_1\n    \n}\nrule rule_evtx_45747483\n{\n    meta: \n        author = \"ricky!\"\n        name = \"REGISTRO ELIMINATO BAN! 1104\"\n        severity = \"severe\"\n        \n    strings:\n        $offset_1 = \"<EventID>1104</EventID>\"\n\n    condition:\n        $offset_1\n    \n}\nrule rule_evtx_4964832\n{\n    meta: \n        author = \"ricky!\"\n        name = \"orario Modificato 4616\"\n        severity = \"warning\"\n        \n    strings:\n        $offset_1 = \"<EventID>4616</EventID>\"\n\n    condition:\n        $offset_1\n    \n}\nrule rule_evtx_454845683\n{\n    meta: \n        author = \"ricky!\"\n        name = \"Servizio INSTALLATO 4697\"\n        severity = \"warning\"\n        \n    strings:\n        $offset_1 = \"<EventID>4697</EventID>\"\n\n    condition:\n        $offset_1\n    \n}\nrule rule_evtx_448548343\n{\n    meta: \n        author = \"ricky!\"\n        name = \"USB ATTACCATA 6416\"\n        severity = \"warning\"\n        \n    strings:\n        $offset_1 = \"<EventID>6416</EventID>\"\n\n    condition:\n        $offset_1\n    \n}",
      "name": "evtx.yara"
    }
  ]
}