{
  "processes": [
    "javaw.exe",
    "svc:DPS",
    "svc:DiagTrack",
    "svc:DnsCache",
    "lsass.exe",
    "chrome.exe",
    "idea64.exe",
    "java.exe"
  ],
  "strings": [
    {
      "in_instance": false,
      "name": "C$Vape V4$Warning",
      "process": "javaw.exe",
      "severity": "Warning",
      "string": "Vape_logo"
    },
    {
      "in_instance": false,
      "name": "C$Mango Clicker$Warning",
      "process": "svc:DPS",
      "severity": "Warning",
      "string": "2048/02/18:23:55:10"
    },
    {
      "in_instance": false,
      "name": "C$Mango Clicker$Warning",
      "process": "svc:DPS",
      "severity": "Warning",
      "string": "2093/11/26:07:00:11"
    },
    {
      "in_instance": false,
      "name": "C$OldMango Clicker$Warning",
      "process": "svc:DPS",
      "severity": "Warning",
      "string": "2045/08/19:08:23:18"
    },
    {
      "in_instance": false,
      "name": "C$Mango Clicker$Warning",
      "process": "svc:DPS",
      "severity": "Warning",
      "string": "!2048/02/18:23:55:10!0!"
    },
    {
      "in_instance": false,
      "name": "C$Mango Lite PH Edition$Warning",
      "process": "svc:DPS",
      "severity": "Warning",
      "string": "!2086/06/10:01:00:46!0!"
    },
    {
      "in_instance": false,
      "name": "C$Mango Clicker 5.1.1$Warning",
      "process": "svc:DPS",
      "severity": "Warning",
      "string": "2068/09/21:04:41:53"
    },
    {
      "in_instance": false,
      "name": "C$Mango Clicker Lite$Warning",
      "process": "svc:DPS",
      "severity": "Warning",
      "string": "2077/12/06:06:28:12"
    },
    {
      "in_instance": false,
      "name": "C$Mango Clicker 5.1.2$Warning",
      "process": "svc:DPS",
      "severity": "Warning",
      "string": "2048/01/24:10:47:39"
    },
    {
      "in_instance": false,
      "name": "C$Mango Clicker 5.1.3$Warning",
      "process": "svc:DPS",
      "severity": "Warning",
      "string": "2058/11/12:01:33:08"
    },
    {
      "in_instance": false,
      "name": "C$Mango Clicker 5.1.5$Warning",
      "process": "svc:DPS",
      "severity": "Warning",
      "string": "2053/02/09:07:36:27"
    },
    {
      "in_instance": false,
      "name": "C$Hermotet V.0.3 Client$Warning",
      "process": "svc:DPS",
      "severity": "Warning",
      "string": "2052/12/18:06:36:34!0!"
    },
    {
      "in_instance": false,
      "name": "C$Hermotet V.0.4 Client$Warning",
      "process": "svc:DPS",
      "severity": "Warning",
      "string": "2065/06/21:08:47:04"
    },
    {
      "in_instance": false,
      "name": "C$Hermotet V.0.5 Client$Warning",
      "process": "svc:DPS",
      "severity": "Warning",
      "string": "2046/05/11:16:46:47"
    },
    {
      "in_instance": false,
      "name": "C$Vape V4 Edited$Warning",
      "process": "svc:DPS",
      "severity": "Warning",
      "string": "2021/05/28:18:15:37"
    },
    {
      "in_instance": false,
      "name": "C$Hidden Clicker$Warning",
      "process": "svc:DPS",
      "severity": "Warning",
      "string": "2019/12/13:19:47:33"
    },
    {
      "in_instance": false,
      "name": "C$Lethal Skid Clicker$Warning",
      "process": "svc:DPS",
      "severity": "Warning",
      "string": "2020/06/25:15:40:26"
    },
    {
      "in_instance": false,
      "name": "C$OSFMount Disk  $Good",
      "process": "svc:DiagTrack",
      "severity": "Good",
      "string": ":OSFMount"
    },
    {
      "in_instance": false,
      "name": "C$Vape$Warning",
      "process": "svc:DnsCache",
      "severity": "Warning",
      "string": "vape.gg"
    },
    {
      "in_instance": false,
      "name": "C$DoomsdayClient$Good",
      "process": "javaw.exe",
      "severity": "Good",
      "string": "b/otKY%xY]$;1f 8)"
    },
    {
      "in_instance": false,
      "name": "C$DoomsdayClient$Good",
      "process": "javaw.exe",
      "severity": "Good",
      "string": "5Ra1Z 7)"
    },
    {
      "in_instance": false,
      "name": "C$DoomsdayClient$Good",
      "process": "javaw.exe",
      "severity": "Good",
      "string": "G'VGyr4ogt 6)"
    },
    {
      "in_instance": false,
      "name": "C$DoomsdayClient$Good",
      "process": "javaw.exe",
      "severity": "Good",
      "string": "fyWKA@ 5)"
    },
    {
      "in_instance": false,
      "name": "C$1069077645754634280$Warning",
      "process": "chrome.exe",
      "severity": "Warning",
      "string": "Skilled.lol [Downloaded in Opera]"
    },
    {
      "in_instance": false,
      "name": "C$878412710423969863$Warning",
      "process": "chrome.exe",
      "severity": "Warning",
      "string": "Gosth [Downloaded in Opera]"
    },
    {
      "in_instance": false,
      "name": "C$1088495608215650354$Warning",
      "process": "chrome.exe",
      "severity": "Warning",
      "string": "C4 Loader [Downloaded in Opera]"
    },
    {
      "in_instance": false,
      "name": "C$1094218871751331870$Warning",
      "process": "chrome.exe",
      "severity": "Warning",
      "string": "Cutiehook [Downloaded in Opera]"
    },
    {
      "in_instance": false,
      "name": "C$1100114471818629242$Warning",
      "process": "chrome.exe",
      "severity": "Warning",
      "string": "Download Loader Skript [OPERA]"
    },
    {
      "in_instance": false,
      "name": "C$908505112492785665$Warning",
      "process": "chrome.exe",
      "severity": "Warning",
      "string": "Eulen Downloaded [OPERA]"
    },
    {
      "in_instance": false,
      "name": "C$password_is_eulen.rar$Warning",
      "process": "chrome.exe",
      "severity": "Warning",
      "string": "Eulen Downloaded [OPERA]"
    },
    {
      "in_instance": false,
      "name": "C$1104564216918192170$Warning",
      "process": "chrome.exe",
      "severity": "Warning",
      "string": "Gosth Downloaded [OPERA]"
    },
    {
      "in_instance": false,
      "name": "C$1043190919878414466$Warning",
      "process": "chrome.exe",
      "severity": "Warning",
      "string": "Purity Downloaded [OPERA]"
    },
    {
      "in_instance": false,
      "name": "C$511036536926634005$Warning",
      "process": "chrome.exe",
      "severity": "Warning",
      "string": "Project Loader [Downloaded in Opera]"
    },
    {
      "in_instance": false,
      "name": "C$1053787369725243542$Warning",
      "process": "chrome.exe",
      "severity": "Warning",
      "string": "CuutieHook Downloaded in Opera"
    },
    {
      "in_instance": false,
      "name": "C$/ui/download/ProjectLoader.zip$Warning",
      "process": "chrome.exe",
      "severity": "Warning",
      "string": "ProjectLoader Downloaded [OPERA]"
    },
    {
      "in_instance": false,
      "name": "C$redengine.eu/clientarea/download?$Warning",
      "process": "chrome.exe",
      "severity": "Warning",
      "string": "RedEngine Downloaded [OPERA]"
    },
    {
      "in_instance": false,
      "name": "C$kekhack_fivem_premium.asi$Warning",
      "process": "chrome.exe",
      "severity": "Warning",
      "string": "KekHack DLL Premium [Downloaded in Opera]"
    },
    {
      "in_instance": false,
      "name": "C$WinApi99.dll$Warning",
      "process": "chrome.exe",
      "severity": "Warning",
      "string": "Weavy DLL Client [Downloaded in Opera]"
    },
    {
      "in_instance": false,
      "name": "C$astrocheat$Warning",
      "process": "chrome.exe",
      "severity": "Warning",
      "string": "AstroCheat DLL Client [Downloaded in Opera]"
    },
    {
      "in_instance": false,
      "name": "C$nvidia.dll$Warning",
      "process": "chrome.exe",
      "severity": "Warning",
      "string": "Monkeyware DLL Client [Downloaded in Opera]"
    },
    {
      "in_instance": false,
      "name": "C$RedEngine.dll$Warning",
      "process": "chrome.exe",
      "severity": "Warning",
      "string": "RedEngine DLL Client [Downloaded in Opera]"
    },
    {
      "in_instance": false,
      "name": "C$free_fivem_cheat.dll$Warning",
      "process": "chrome.exe",
      "severity": "Warning",
      "string": "SpaceYX DLL Client [Downloaded in Opera]"
    },
    {
      "in_instance": false,
      "name": "C$nvmld.dll$Warning",
      "process": "chrome.exe",
      "severity": "Warning",
      "string": "MNL DLL Client [Downloaded in Opera]"
    },
    {
      "in_instance": false,
      "name": "C$KEK_HACK_ESP.asi$Warning",
      "process": "chrome.exe",
      "severity": "Warning",
      "string": "KekHack ESP DLL Client [Downloaded in Opera]"
    },
    {
      "in_instance": false,
      "name": "C$WeedCord.dll$Warning",
      "process": "chrome.exe",
      "severity": "Warning",
      "string": "Project Weed DLL Client [Downloaded in Opera]"
    },
    {
      "in_instance": false,
      "name": "C$Insidous1.3.1.dll$Warning",
      "process": "chrome.exe",
      "severity": "Warning",
      "string": "Insidous DLL Client [Downloaded in Opera]"
    },
    {
      "in_instance": false,
      "name": "C$RaffattMenuV2.dll$Warning",
      "process": "chrome.exe",
      "severity": "Warning",
      "string": "RaffatMenu DLL Client [Downloaded in Opera]"
    },
    {
      "in_instance": false,
      "name": "C$597910606187855883$Warning",
      "process": "chrome.exe",
      "severity": "Warning",
      "string": "Monster Menu [Downloaded in Opera]"
    },
    {
      "in_instance": false,
      "name": "C$password_is_eulen$Warning",
      "process": "chrome.exe",
      "severity": "Warning",
      "string": "Eulen [Downloaded in Opera]"
    },
    {
      "in_instance": false,
      "name": "C$OZIWAREPUBLIC.dll$Warning",
      "process": "chrome.exe",
      "severity": "Warning",
      "string": "Oziware DLL Client [Downloaded in Opera]"
    },
    {
      "in_instance": false,
      "name": "C$Aimbot.dll$Warning",
      "process": "chrome.exe",
      "severity": "Warning",
      "string": "Aimbot DLL Client [Downloaded in Opera]"
    },
    {
      "in_instance": false,
      "name": "C$sensy.bat$Warning",
      "process": "chrome.exe",
      "severity": "Warning",
      "string": "Generic Bypass bat Downloaded in Opera [sensy.bat]"
    },
    {
      "in_instance": false,
      "name": "C$NEM_DEUS_PEGA.bat$Warning",
      "process": "chrome.exe",
      "severity": "Warning",
      "string": "Generic Bypass bat Downloaded in Opera [NEM_DEUS_PEGA.bat]"
    },
    {
      "in_instance": false,
      "name": "C$bek.bat$Warning",
      "process": "chrome.exe",
      "severity": "Warning",
      "string": "Generic Bypass bat Downloaded in Opera [bek.bat]"
    },
    {
      "in_instance": false,
      "name": "C$Bypass_Ghost_Cleaner.bat$Warning",
      "process": "chrome.exe",
      "severity": "Warning",
      "string": "Generic Bypass bat Downloaded in Opera [Bypass_Ghost_Cleaner.bat]"
    },
    {
      "in_instance": false,
      "name": "C$senhas.bat$Warning",
      "process": "chrome.exe",
      "severity": "Warning",
      "string": "Generic Bypass bat Downloaded in Opera [senhas.bat]"
    },
    {
      "in_instance": false,
      "name": "C$a8a953c01e2d3139.bat$Warning",
      "process": "chrome.exe",
      "severity": "Warning",
      "string": "Generic Bypass bat Downloaded in Opera [a8a953c01e2d3139.bat]"
    },
    {
      "in_instance": false,
      "name": "C$Win.zip.bat$Warning",
      "process": "chrome.exe",
      "severity": "Warning",
      "string": "Generic Bypass bat Downloaded in Opera [Win.zip.bat]"
    },
    {
      "in_instance": false,
      "name": "C$dollynscott.bat$Warning",
      "process": "chrome.exe",
      "severity": "Warning",
      "string": "Generic Bypass bat Downloaded in Opera [dollynscott.bat]"
    },
    {
      "in_instance": false,
      "name": "C$ghost.bat_1.bat$Warning",
      "process": "chrome.exe",
      "severity": "Warning",
      "string": "Generic Bypass bat Downloaded in Opera [ghost.bat_1.bat]"
    },
    {
      "in_instance": false,
      "name": "C$SpacialoBACKUP.bat$Warning",
      "process": "chrome.exe",
      "severity": "Warning",
      "string": "Generic Bypass bat Downloaded in Opera [SpacialoBACKUP.bat]"
    },
    {
      "in_instance": false,
      "name": "C$SconzaFps.bat$Warning",
      "process": "chrome.exe",
      "severity": "Warning",
      "string": "Generic Bypass bat Downloaded in Opera [SconzaFps.bat]"
    },
    {
      "in_instance": false,
      "name": "C$zEngine$Warning",
      "process": "java.exe",
      "severity": "Warning",
      "string": "zEngine"
    },
    {
      "in_instance": false,
      "name": "C$Aimbot in javaw.exe$Warning",
      "process": "javaw.exe",
      "severity": "Warning",
      "string": "Aimbot"
    },
    {
      "in_instance": false,
      "name": "C$Zengine$Warning",
      "process": "idea64.exe",
      "severity": "Warning",
      "string": "Zengine"
    },
    {
      "in_instance": false,
      "name": "C$killaura in javaw.exe$Warning",
      "process": "javaw.exe",
      "severity": "Warning",
      "string": "killaura"
    },
    {
      "in_instance": false,
      "name": "C$Possible Bypass Detected$Warning",
      "process": "lsass.exe",
      "severity": "Warning",
      "string": "keyauth.cc\t"
    },
    {
      "in_instance": false,
      "name": "C$Possible Bypass Detected$Warning",
      "process": "lsass.exe",
      "severity": "Warning",
      "string": "keyauth.win"
    },
    {
      "in_instance": false,
      "name": "C$protonvpn.com$Warning",
      "process": "svc:DnsCache",
      "severity": "Warning",
      "string": "protonvpn.com"
    }
  ]
}