[
  {
    "name": "Skript [HR] [BETA] [EXPERIMENTAL]",
    "filters": [
      {
        "points": 1,
        "height": [
          "296"
        ],
        "width": [
          "41"
        ]
      }
    ],
    "hide_file_name": false,
    "enabled": true,
    "warning": false,
    "threshold": 1,
    "blacklist": []
  },
  {
    "name": "Generic Cheat [BETA] [EXPERIMENTAL]",
    "filters": [
      {
        "points": 1,
        "height": [
          "463"
        ],
        "width": [
          "96"
        ]
      }
    ],
    "hide_file_name": false,
    "enabled": false,
    "warning": false,
    "threshold": 1,
    "blacklist": []
  },
  {
    "name": "0x32 Loader [BETA] [EXPERIMENTAL]",
    "filters": [
      {
        "points": 1,
        "height": [
          "939"
        ],
        "width": [
          "1616"
        ]
      }
    ],
    "hide_file_name": false,
    "enabled": false,
    "warning": false,
    "threshold": 1,
    "blacklist": []
  },
  {
    "name": "Stopped Spoofer [BETA] [EXPERIMENTAL]",
    "filters": [
      {
        "points": 1,
        "height": [
          "48"
        ],
        "width": [
          "9"
        ]
      }
    ],
    "hide_file_name": false,
    "enabled": false,
    "warning": false,
    "threshold": 1,
    "blacklist": []
  },
  {
    "name": "TZX Loader [QC] [EXPERIMENTAL]",
    "filters": [
      {
        "points": 1,
        "height": [
          "108"
        ],
        "width": [
          "19"
        ]
      }
    ],
    "hide_file_name": false,
    "enabled": false,
    "warning": false,
    "threshold": 1,
    "blacklist": []
  },
  {
    "name": "Splasher Cheat [YP] [EXPERIMENTAL]",
    "filters": [
      {
        "points": 1,
        "height": [
          "62"
        ],
        "width": [
          "824"
        ]
      }
    ],
    "hide_file_name": true,
    "enabled": true,
    "warning": false,
    "threshold": 1,
    "blacklist": []
  }
]