[
    {
        "name": "BloodFx Modification [TW]",
        "severity": "warning",
        "path": "\\FiveM.app\\citizen\\common\\data\\effects\\bloodfx.dat"
    },
    {
        "name": "Killeffect Modification [PR]",
        "severity": "warning",
        "path": "\\FiveM.app\\citizen\\common\\data\\timecycle\\timecycle_mods_4.xml"
    },
    {
        "name": "Texture Modification (No water) [QX]",
        "severity": "warning",
        "path": "\\FiveM.app\\citizen\\common\\data\\levels\\gta5\\water.xml"
    },
    {
        "name": "Texture Modification (No bush) [LK]",
        "severity": "warning",
        "path": "\\FiveM.app\\citizen\\platform\\levels\\gta5\\props\\vegetation\\v_bush.rpf"
    },
    {
        "name": "Texture Modification (No bush) [NM]",
        "severity": "warning",
        "path": "\\FiveM.app\\citizen\\platform\\levels\\gta5\\props\\vegetation\\_ext_veg.rpf"
    },
    {
        "name": "Texture Modification (No bush) [YF]",
        "severity": "warning",
        "path": "\\FiveM.app\\citizen\\platform\\levels\\gta5\\props\\vegetation\\_crops.rpf"
    },
    {
        "name": "Effect Modification (No explosion) [RD]",
        "severity": "warning",
        "path": "\\FiveM.app\\citizen\\platform\\data\\metadata\\explosion.ymt"
    },
    {
        "name": "Effect Modification (No explosion) [GZ]",
        "severity": "warning",
        "path": "\\FiveM.app\\citizen\\platform\\levels\\gta5\\props\\roadside\\v_utility.rpf"
    },
    {
        "name": "Effect Modification (No explosion) [VK]",
        "severity": "warning",
        "path": "\\FiveM.app\\citizen\\platform\\levels\\gta5\\props\\roadside\\v_storage.rpf"
    },
    {
        "name": "Texture Modification (No car windows) [XT]",
        "severity": "warning",
        "path": "\\FiveM.app\\citizen\\common\\shaders\\db\\vehicle_vehglass_inner.sps"
    },
    {
        "name": "Texture Modification (No car windows) [LW]",
        "severity": "warning",
        "path": "\\FiveM.app\\citizen\\common\\shaders\\db\\vehicle_vehglass.sps"
    }
]
