[
    {
      "name": "Drip Lite [BETA] [EXPERIMENTAL]",
      "filters": [
        {
          "points": 1,
          "height": ["496","48"],
          "width": ["952"]
        },
        {
          "points": 1,
          "height": ["62"],
          "width": ["107"]
        }
      ],
      "hide_file_name": false,
      "enabled": true,
      "warning": false,
      "threshold": 1,
      "blacklist": []
    },
        {
      "name": "Generic Cheat [BETA] [EXPERIMENTAL]",
      "filters": [
        {
          "points": 1,
          "height": ["463"],
          "width": ["96"]
        }
      ],
      "hide_file_name": false,
      "enabled": false,
      "warning": false,
      "threshold": 1,
      "blacklist": []
    },
    {
      "name": "Vape Lite [HD] [EXPERIMENTAL]",
      "filters": [
        {
          "points": 1,
          "height": ["535"],
          "width": ["807"]
        }
      ],
      "hide_file_name": false,
      "enabled": true,
      "warning": false,
      "threshold": 1,
      "blacklist": []
    },
    {
      "name": "Dream Advanced [HD] [EXPERIMENTAL]",
      "filters": [
        {
          "points": 1,
          "height": ["10"],
          "width": ["10"]
        }
      ],
      "hide_file_name": false,
      "enabled": true,
      "warning": false,
      "threshold": 1,
      "blacklist": []
    
    }

]