[
  {
    "name": "Triggerbot [AW] [EXPERIMENTAL]",
    "filters": [
      {
        "points": 1,
        "point_mode": true,
        "strings": [
          "mouse_event",
          "left_click"
        ]
      }
    ],
    "enabled": true,
    "mode": "detect",
    "threshold": 1
  },
  {
    "name": "Generic Cleaner Usage [Y3] [EXPERIMENTAL]",
    "filters": [
      {
        "points": 1,
        "point_mode": true,
        "strings": [
          "fsutil usn",
          "System32\\winevt\\Logs"
        ]
      }
    ],
    "enabled": true,
    "mode": "detect",
    "threshold": 1
  },
  {
    "name": "Generic Cheat Usage [P7] [EXPERIMENTAL]",
    "filters": [
      {
        "points": 1,
        "point_mode": true,
        "strings": [
          "Get-WmiObject -Class Win32_ComputerSystemProduct"
        ]
      }
    ],
    "enabled": true,
    "mode": "detect",
    "threshold": 1
  },
  {
    "name": "Generic Fileless Execution [O6] [EXPERIMENTAL]",
    "filters": [
      {
        "points": 1,
        "point_mode": true,
        "strings": [
          "[System.Reflection.Assembly]::Load"
        ]
      }
    ],
    "enabled": true,
    "mode": "detect",
    "threshold": 1
  },
  {
    "name": "Generic Cheat Usage [XJ]",
    "filters": [
      {
        "points": 1,
        "point_mode": true,
        "strings": [
          "/api/ps_execute.php","93.88.201.217","keyClient.Headers.Add"
        ]
      }
    ],
    "enabled": true,
    "mode": "detect",
    "threshold": 1
  }
]